"rep","config","strategy","int_strat","n_enc","elapsed","beta1_mean","beta1_sd","beta1_lo","beta1_hi","range_mean","range_lo","range_hi","sigma_mean","sigma_lo","sigma_hi"
1,"Gaussian","gaussian","eb",292,5.75,-1.58851788308863,0.267712285143806,-2.11322432018941,-1.06381144598785,5.53260049541827,1.84966329607103,10.6184421484353,0.854284005733466,0.3799457387854,1.26837544380665
1,"Simplified Laplace","simplified.laplace","eb",292,4.13000000000011,-1.58851788829202,0.267712304987108,-2.11322436428496,-1.06381141229909,5.53260055402833,1.8496634250792,10.618444416889,0.854284087787724,0.379945880380937,1.26837549818556
1,"Full Laplace, eb (main)","laplace","eb",292,4.14999999999964,-1.58851788829202,0.267712304987108,-2.11322436428496,-1.06381141229909,5.53260055402833,1.8496634250792,10.618444416889,0.854284087787724,0.379945880380937,1.26837549818556
1,"Full Laplace, grid","laplace","grid",292,5.17000000000007,-1.59389057449222,0.277891758298166,-2.15986837927784,-1.05925844435005,5.53260055402833,1.8496634250792,10.618444416889,0.854284087787724,0.379945880380937,1.26837549818556
2,"Gaussian","gaussian","eb",209,4.14000000000033,-1.39273700684145,0.212658158619236,-1.80953933875376,-0.975934674929146,2.71642634459853,1.09366595444198,4.80648489937059,0.622103711410445,0.324813633487139,0.865906428142361
2,"Simplified Laplace","simplified.laplace","eb",209,4.42000000000007,-1.39273700907297,0.212658158776069,-1.80953934129267,-0.975934676853279,2.71642443558496,1.09366850166519,4.80647527382271,0.622103607395519,0.324813879092491,0.8659060388182
2,"Full Laplace, eb (main)","laplace","eb",209,4.13000000000011,-1.39273700907297,0.212658158776069,-1.80953934129267,-0.975934676853279,2.71642443558496,1.09366850166519,4.80647527382271,0.622103607395519,0.324813879092491,0.8659060388182
2,"Full Laplace, grid","laplace","grid",209,5.07999999999993,-1.40613760755597,0.236652224668398,-1.91449322902365,-0.975335511657009,2.71642634459853,1.09366595444198,4.80648489937059,0.622103711410445,0.324813633487139,0.865906428142361
3,"Gaussian","gaussian","eb",255,4.51999999999953,-1.61296433796261,0.279346917518508,-2.16047423549117,-1.06545444043405,3.66542954486625,1.7907369087491,5.97405580852435,0.852270943239588,0.506262653246815,1.14631561475465
3,"Simplified Laplace","simplified.laplace","eb",255,4.34000000000015,-1.61296433796261,0.279346917518508,-2.16047423549117,-1.06545444043405,3.66542954486625,1.7907369087491,5.97405580852435,0.852270943239588,0.506262653246815,1.14631561475465
3,"Full Laplace, eb (main)","laplace","eb",255,4.61000000000058,-1.61296431796194,0.279346907089401,-2.16047419504982,-1.06545444087406,3.66542872810523,1.79073834374512,5.97405125089023,0.852270883559712,0.506262718584842,1.1463154712862
3,"Full Laplace, grid","laplace","grid",255,5.49000000000069,-1.62403214079672,0.299802683981944,-2.24714637066402,-1.062300079397,3.66542838481883,1.79073819594496,5.97404996364563,0.852270924054431,0.506262707058716,1.14631546829866
4,"Gaussian","gaussian","eb",272,3.97000000000025,-1.67200970181556,0.27336100463172,-2.20778742567142,-1.1362319779597,5.17510935830117,1.63117652651162,10.2991401875948,0.877977784293322,0.402909171514178,1.30213966929883
4,"Simplified Laplace","simplified.laplace","eb",272,4.00999999999931,-1.67201003317456,0.273361338995463,-2.20778841237131,-1.13623165397781,5.17512181263081,1.63116382905975,10.2991948192865,0.877979282191845,0.402907958024382,1.30214301670945
4,"Full Laplace, eb (main)","laplace","eb",272,3.97000000000025,-1.67200988707872,0.273361349871734,-2.20778828759257,-1.13623148656487,5.17511629919365,1.6311677327425,10.2991733724492,0.877978901429134,0.402908606426409,1.30214165685324
4,"Full Laplace, grid","laplace","grid",272,4.74000000000069,-1.72076891680455,0.300262408219545,-2.35071933682243,-1.157911769029,5.17512181263081,1.63116382905975,10.2991948192865,0.877979282191845,0.402907958024382,1.30214301670945
5,"Gaussian","gaussian","eb",202,4.29999999999927,-1.03867586645164,0.13837947042947,-1.30989464469312,-0.767457088210152,2.03695683857056,0.656782176445253,3.85062514680573,0.352719348319954,0.106870664739694,0.533713235371645
5,"Simplified Laplace","simplified.laplace","eb",202,4.3100000000004,-1.03867585703283,0.138379467839984,-1.30989463019901,-0.76745708386664,2.03695750147794,0.656781702369849,3.85062828557658,0.352719246615492,0.106870493292829,0.533713113283337
5,"Full Laplace, eb (main)","laplace","eb",202,3.94999999999982,-1.03867585953306,0.138379470981269,-1.30989463885605,-0.767457080210063,2.03695751361785,0.656781337765521,3.85062882943892,0.352719312583091,0.106870460498087,0.533713277881034
5,"Full Laplace, grid","laplace","grid",202,5.11000000000058,-1.05854697739394,0.149698111715014,-1.37505909381519,-0.780187090422189,2.03695657343446,0.656782523541155,3.8506233016755,0.352719338585407,0.106870802785722,0.533713044643417
6,"Gaussian","gaussian","eb",385,4.32999999999993,-1.46687459931915,0.207328096341838,-1.87323020113241,-1.0605189975059,3.64657056896456,1.51251826829541,6.39655098198292,0.623376160354867,0.352724632282955,0.854482844435009
6,"Simplified Laplace","simplified.laplace","eb",385,4.30999999999949,-1.46687453795698,0.207328140191944,-1.87323022571486,-1.0605188501991,3.64657081293849,1.51251736597389,6.39655068193834,0.623376204328369,0.352724474159074,0.854483014192022
6,"Full Laplace, eb (main)","laplace","eb",385,4.28999999999996,-1.46687440552198,0.207327890503395,-1.8732296038993,-1.06051920714466,3.64656749979508,1.51252420974848,6.39653459917468,0.623375601244767,0.352725093015544,0.854481696190444
6,"Full Laplace, grid","laplace","grid",385,5.11999999999989,-1.45099319894989,0.220917622646194,-1.89070973639405,-1.01435271278375,3.64656749979508,1.51252420974848,6.39653459917468,0.623375601244767,0.352725093015544,0.854481696190444
7,"Gaussian","gaussian","eb",268,4.22000000000025,-1.80287630217164,0.263868055322557,-2.32004818727447,-1.2857044170688,4.54591649361725,1.38001998598799,9.01781655381994,0.848213901107158,0.342101008906707,1.29295227263326
7,"Simplified Laplace","simplified.laplace","eb",268,4.35999999999967,-1.80287706940842,0.263868298123855,-2.32004943039305,-1.28570470842378,4.54606291504537,1.37986490122227,9.01855554572998,0.848224147745086,0.34208781251568,1.2929840102808
7,"Full Laplace, eb (main)","laplace","eb",268,4.04999999999927,-1.80287230998793,0.263867069351241,-2.3200422626225,-1.28570235735336,4.54595208152793,1.37998653254936,9.01801312674487,0.848214059883481,0.342100583882138,1.29295487580778
7,"Full Laplace, grid","laplace","grid",268,5.13000000000011,-1.8482295494371,0.36200037310946,-2.68355514751449,-1.25363265831512,4.54593719659025,1.37999362106818,9.01793060384193,0.848215359284687,0.342099707594964,1.29295582939454
8,"Gaussian","gaussian","eb",242,3.85999999999967,-1.31639324871921,0.263015513389477,-1.8318941823379,-0.800892315100521,3.38062778918428,1.6321418402406,5.52621685743724,0.886296869603149,0.526455126274948,1.19951662260582
8,"Simplified Laplace","simplified.laplace","eb",242,3.6899999999996,-1.31639324871921,0.263015513389477,-1.8318941823379,-0.800892315100521,3.38062778918428,1.6321418402406,5.52621685743724,0.886296869603149,0.526455126274948,1.19951662260582
8,"Full Laplace, eb (main)","laplace","eb",242,4.13000000000011,-1.31639324837654,0.263015518629129,-1.83189419226476,-0.800892304488328,3.38062738480929,1.6321425036241,5.52621472955346,0.886296824384547,0.52645520826552,1.19951645353951
8,"Full Laplace, grid","laplace","grid",242,4.67999999999938,-1.32264014932038,0.278356855778553,-1.87685878482787,-0.773589595831185,3.38063395647107,1.63212985548718,5.52625073391057,0.886297411363038,0.526454066524896,1.19951855371938
9,"Gaussian","gaussian","eb",254,4.10000000000036,-1.82135073336969,0.279226876119427,-2.36862535407939,-1.27407611265998,4.77812140106312,1.50979666785745,9.21164418345675,0.814591498897713,0.33818957205391,1.217806118703
9,"Simplified Laplace","simplified.laplace","eb",254,4.30000000000018,-1.82135095950784,0.279226910970838,-2.36862564852505,-1.27407627049063,4.77817060872143,1.50974614570408,9.21189078710357,0.814596705631575,0.338184105494894,1.2178215751912
9,"Full Laplace, eb (main)","laplace","eb",254,3.98999999999978,-1.82135073336969,0.279226876119427,-2.36862535407939,-1.27407611265998,4.77812140106312,1.50979666785745,9.21164418345675,0.814591498897713,0.33818957205391,1.217806118703
9,"Full Laplace, grid","laplace","grid",254,5.24000000000069,-1.80397974841961,0.297283956368412,-2.42643809026822,-1.25222164547536,4.77817060872143,1.50974614570408,9.21189078710357,0.814596705631575,0.338184105494894,1.2178215751912
10,"Gaussian","gaussian","eb",400,4.16000000000076,-1.64850574247733,0.317518042689997,-2.27082967059137,-1.02618181436328,4.92102622795265,2.41610929481063,8.03601734056424,1.07040290327264,0.57863273967092,1.50765680605536
10,"Simplified Laplace","simplified.laplace","eb",400,4.42000000000007,-1.64850572138951,0.31751805847176,-2.27082968043524,-1.02618176234377,4.92102322408234,2.41611252212857,8.03600519759432,1.07040248412283,0.578633549074338,1.50765526613675
10,"Full Laplace, eb (main)","laplace","eb",400,4.26000000000022,-1.64850572425499,0.317518034734751,-2.27082963677704,-1.02618181173294,4.92102403791925,2.41611176752902,8.03600817225748,1.07040250577308,0.578633354690487,1.50765550241483
10,"Full Laplace, grid","laplace","grid",400,5.39000000000033,-1.6556772759957,0.331228654350487,-2.32431454111176,-1.01483365291192,4.92102405242701,2.41611102200543,8.03600874752942,1.07040255062499,0.578633315252498,1.50765551351175
11,"Gaussian","gaussian","eb",277,3.91000000000076,-1.36517372740051,0.243061318429888,-1.84156515755792,-0.888782297243112,2.98526981608299,1.45277741960447,4.85439922137578,0.807940912765716,0.475915241716584,1.09385274383096
11,"Simplified Laplace","simplified.laplace","eb",277,4.01000000000022,-1.36517415639839,0.243061046883495,-1.84156505433465,-0.888783258462141,2.98527086415147,1.45277877291421,4.85440383823677,0.807940674562847,0.475915399361811,1.09385268631607
11,"Full Laplace, eb (main)","laplace","eb",277,4.22000000000025,-1.36517415639839,0.243061046883495,-1.84156505433465,-0.888783258462141,2.98527086415147,1.45277877291421,4.85440383823677,0.807940674562847,0.475915399361811,1.09385268631607
11,"Full Laplace, grid","laplace","grid",277,5.01000000000022,-1.3650503222812,0.261026928262522,-1.85948911378348,-0.829415598298064,2.98527084940245,1.45277508197977,4.8544047736767,0.807941204062137,0.475914819839983,1.09385353417847
12,"Gaussian","gaussian","eb",226,4.14999999999964,-1.36496127821369,0.251667041344648,-1.85821961534495,-0.871702941082428,3.12185476124503,1.42675473523372,5.22412171704759,0.792965105344294,0.454500940259232,1.08019212819145
12,"Simplified Laplace","simplified.laplace","eb",226,4.31999999999971,-1.36496127821369,0.251667041344648,-1.85821961534495,-0.871702941082428,3.12185476124503,1.42675473523372,5.22412171704759,0.792965105344294,0.454500940259232,1.08019212819145
12,"Full Laplace, eb (main)","laplace","eb",226,4.16000000000076,-1.36496127821369,0.251667041344648,-1.85821961534495,-0.871702941082428,3.12185476124503,1.42675473523372,5.22412171704759,0.792965105344294,0.454500940259232,1.08019212819145
12,"Full Laplace, grid","laplace","grid",226,5.05000000000018,-1.34570365247266,0.269539399467556,-1.87030891358719,-0.798765019212078,3.12185477953675,1.4267531332579,5.22412187161756,0.792965349378628,0.454500743737956,1.08019248675647
13,"Gaussian","gaussian","eb",237,4.23999999999978,-1.79389449836076,0.259386754167444,-2.3022831945957,-1.28550580212583,2.61841893484435,1.19961932216677,4.38282955537628,0.781316639268576,0.436336730303368,1.0755810662346
13,"Simplified Laplace","simplified.laplace","eb",237,4.25,-1.79389471761555,0.259387193361055,-2.30228427465414,-1.28550516057696,2.61841247735068,1.19962623213131,4.38279556672612,0.78131613766585,0.436337733222822,1.07557846677074
13,"Full Laplace, eb (main)","laplace","eb",237,4.02999999999975,-1.79389519048957,0.259388135120087,-2.30228659334195,-1.28550378763719,2.61840279649742,1.19963465337688,4.38274349980211,0.781315753983943,0.436338633343953,1.07557531298291
13,"Full Laplace, grid","laplace","grid",237,5,-1.80650550998938,0.27349321519783,-2.36456526925974,-1.28114815915719,2.61841353616139,1.19962537062832,4.38280089443121,0.781316151331235,0.436337633679472,1.07557876587658
14,"Gaussian","gaussian","eb",247,4.29999999999927,-1.59112824081526,0.213357763355836,-2.00930177281471,-1.1729547088158,3.06328929331784,1.20558359695016,5.4362976246788,0.586296245644154,0.29836521260397,0.825410182480832
14,"Simplified Laplace","simplified.laplace","eb",247,4.09000000000015,-1.59112796647693,0.21335754251233,-2.00930106563107,-1.17295486732279,3.06329128016711,1.20558261927737,5.43630688457778,0.586296035825716,0.298365053918498,0.825410285159139
14,"Full Laplace, eb (main)","laplace","eb",247,4,-1.59112812610339,0.213357694835549,-2.00930152380556,-1.17295472840123,3.06329111165255,1.20558152741555,5.43630742164709,0.586296297825484,0.29836499499296,0.825410559793848
14,"Full Laplace, grid","laplace","grid",247,4.94999999999982,-1.60827187206946,0.23289518993338,-2.10377803679443,-1.17895881390534,3.06329111165255,1.20558152741555,5.43630742164709,0.586296297825484,0.29836499499296,0.825410559793848
15,"Gaussian","gaussian","eb",334,4.21000000000004,-2.04451679001723,0.255569304002827,-2.54542342141674,-1.54361015861772,4.02777033100188,1.48643904022806,7.42205880156866,0.715456997171003,0.360123568353585,1.02387239517623
15,"Simplified Laplace","simplified.laplace","eb",334,3.97000000000025,-2.0445168151443,0.255569321147363,-2.54542348014649,-1.54361015014212,4.02776489620365,1.48644329147334,7.42203356577258,0.715456411395535,0.360124120696609,1.02387065702444
15,"Full Laplace, eb (main)","laplace","eb",334,4.22000000000025,-2.0445166594645,0.255569215555379,-2.5454231175102,-1.5436102014188,4.02777034879898,1.48644006190378,7.42206003324156,0.715456875166851,0.360123805459552,1.02387214342278
15,"Full Laplace, grid","laplace","grid",334,5.1899999999996,-2.057058239578,0.272195535946709,-2.62195895320242,-1.54570821208942,4.02776489620365,1.48644329147334,7.42203356577258,0.715456411395535,0.360124120696609,1.02387065702444
16,"Gaussian","gaussian","eb",324,4.42000000000007,-2.03505473632806,0.350246533482315,-2.7215253276634,-1.34858414499272,4.22701978716192,1.75232984782088,7.31962152038533,1.14799646873475,0.537666051995497,1.67157500640964
16,"Simplified Laplace","simplified.laplace","eb",324,4.38000000000011,-2.03505515947675,0.350246699060072,-2.72152607533853,-1.34858424361497,4.22701735673862,1.7523325903468,7.3196060747128,1.14799569506751,0.537666435223693,1.67157259198854
16,"Full Laplace, eb (main)","laplace","eb",324,4.1899999999996,-2.03505473632806,0.350246533482315,-2.7215253276634,-1.34858414499272,4.22701978716192,1.75232984782088,7.31962152038533,1.14799646873475,0.537666051995497,1.67157500640964
16,"Full Laplace, grid","laplace","grid",324,5.23999999999978,-2.05519704692648,0.374763983113336,-2.84291250122699,-1.36012620304466,4.22702205172646,1.75232620857735,7.31963048145371,1.14799670407966,0.537664827911381,1.67157620223984
17,"Gaussian","gaussian","eb",344,4.3799999999992,-1.89260506166619,0.255851440731529,-2.39406467089267,-1.39114545243971,3.79942358177396,1.61388620746921,6.60863680320646,0.722761992176746,0.396682510795303,1.00634266311864
17,"Simplified Laplace","simplified.laplace","eb",344,3.9399999999996,-1.89260505605732,0.255851414423766,-2.39406461372153,-1.3911454983931,3.79942096208263,1.61388961691975,6.60862425629244,0.722761695797833,0.396682903548639,1.00634178366267
17,"Full Laplace, eb (main)","laplace","eb",344,4.17000000000007,-1.89260507124858,0.25585145915569,-2.39406471658575,-1.39114542591141,3.79942225050991,1.61388767025322,6.60863060122688,0.722761909332713,0.396682691450845,1.00634231255949
17,"Full Laplace, grid","laplace","grid",344,5.05000000000018,-1.87104097477148,0.272998470138735,-2.39855598705091,-1.31781162654114,3.79942092037669,1.61388903716358,6.60862468048981,0.722761777767993,0.396682887243189,1.00634185622624
18,"Gaussian","gaussian","eb",355,4.34000000000015,-1.65855916805788,0.338677458029475,-2.32235478817122,-0.994763547944531,4.04851918657516,2.1785217691685,6.31120681662861,1.11251071711776,0.649468636675082,1.52107586349126
18,"Simplified Laplace","simplified.laplace","eb",355,4.10000000000036,-1.65855919025855,0.338677409045125,-2.32235471436434,-0.994763666152769,4.04851994877585,2.1785204747579,6.31121209534375,1.11251091976897,0.649468573181139,1.52107645942667
18,"Full Laplace, eb (main)","laplace","eb",355,4.30999999999949,-1.65855923759201,0.338677542426394,-2.32235502312027,-0.994763452063739,4.04851978232315,2.17851986072459,6.31121105947924,1.11251107164726,0.649468355668885,1.52107665944076
18,"Full Laplace, grid","laplace","grid",355,5.09000000000015,-1.66081479912815,0.352618337268969,-2.36480402752905,-0.969633960840179,4.04851877346224,2.1785215156887,6.31120610520366,1.1125107365842,0.649468779705477,1.52107567801703
19,"Gaussian","gaussian","eb",265,3.74000000000069,-1.53556140139479,0.237889387540093,-2.00181603327766,-1.06930676951191,2.97641263335738,1.46071207379067,4.82116525257509,0.720870642481204,0.411290862070405,0.985268027086098
19,"Simplified Laplace","simplified.laplace","eb",265,3.94999999999982,-1.53556140139479,0.237889387540093,-2.00181603327766,-1.06930676951191,2.97641263335738,1.46071207379067,4.82116525257509,0.720870642481204,0.411290862070405,0.985268027086098
19,"Full Laplace, eb (main)","laplace","eb",265,4.22999999999956,-1.53556147394149,0.237889453420766,-2.00181623494811,-1.06930671293487,2.97641370124246,1.46070978684969,4.82117044139623,0.720870890680966,0.411290428873502,0.985268780263773
19,"Full Laplace, grid","laplace","grid",265,5.05999999999949,-1.53666024870497,0.253346899780418,-2.05936493062034,-1.05604698072075,2.97641201457355,1.46071241834677,4.82116298263497,0.720870634678038,0.411291048049871,0.985267770775168
20,"Gaussian","gaussian","eb",375,4.06999999999971,-1.71087001604236,0.258866615269755,-2.21823925877087,-1.20350077331386,2.79095465792585,1.58599193830349,4.21388757182741,0.866653143485518,0.555025235880547,1.14170705855035
20,"Simplified Laplace","simplified.laplace","eb",375,4.38999999999942,-1.71086927790699,0.258866125659851,-2.21823756101772,-1.20350099479626,2.79095465326202,1.58599545134718,4.21388677587667,0.866652571500594,0.555026040690672,1.14170606016516
20,"Full Laplace, eb (main)","laplace","eb",375,4.38000000000011,-1.71086998825547,0.258866595505449,-2.21823919224665,-1.20350078426429,2.79095548756878,1.58599045384799,4.21389193920806,0.866653289685703,0.555024955764214,1.14170761341764
20,"Full Laplace, grid","laplace","grid",375,5.19000000000051,-1.72290892490623,0.28059871086374,-2.30903716836848,-1.19825803058987,2.7909555858571,1.58599308706518,4.21388995986882,0.866652864907812,0.555025239536691,1.1417070172062
21,"Gaussian","gaussian","eb",373,4.14000000000033,-2.007064581173,0.306955802057154,-2.60868689805063,-1.40544226429537,5.41615032720331,2.32643489781422,9.37671779857739,1.01846254045315,0.479494518574545,1.49349277575993
21,"Simplified Laplace","simplified.laplace","eb",373,3.75,-2.007064581173,0.306955802057154,-2.60868689805063,-1.40544226429537,5.41615032720331,2.32643489781422,9.37671779857739,1.01846254045315,0.479494518574545,1.49349277575993
21,"Full Laplace, eb (main)","laplace","eb",373,3.92000000000007,-2.0070647791763,0.306955862555846,-2.60868721462919,-1.40544234372342,5.41615503376263,2.3264295142185,9.37673685850999,1.01846331160108,0.479493351752489,1.49349513266524
21,"Full Laplace, grid","laplace","grid",373,4.80000000000018,-2.0090443128539,0.337804639278612,-2.71796502290322,-1.39000652055499,5.4161397965397,2.3264477514251,9.37666797611927,1.01846045931093,0.479496783512911,1.49348674940719
22,"Gaussian","gaussian","eb",289,4.09999999999945,-1.7376972408598,0.333732030681715,-2.39180000148338,-1.08359448023622,5.9246877415543,2.40652623318423,10.5671547512559,1.07452880356096,0.582295954262782,1.50165530485856
22,"Simplified Laplace","simplified.laplace","eb",289,4.10000000000036,-1.73769727608618,0.333732021482951,-2.39180001868051,-1.08359453349185,5.92468870417902,2.40652569548387,10.5671602648119,1.07452883715696,0.58229600958503,1.50165539552687
22,"Full Laplace, eb (main)","laplace","eb",289,3.65999999999985,-1.7376972408598,0.333732030681715,-2.39180000148338,-1.08359448023622,5.9246877415543,2.40652623318423,10.5671547512559,1.07452880356096,0.582295954262782,1.50165530485856
22,"Full Laplace, grid","laplace","grid",289,4.80000000000018,-1.71971095265884,0.342123145147799,-2.40574129879036,-1.05543065691852,5.92469032403277,2.40652212847143,10.5671645816557,1.0745291863439,0.582295494832136,1.5016562308543
23,"Gaussian","gaussian","eb",235,4.38000000000011,-1.71288038053517,0.241509183076396,-2.1862296813006,-1.23953107976975,3.84437667154284,1.57372262394132,6.77945492894174,0.635785308876872,0.344297808671854,0.882328857994239
23,"Simplified Laplace","simplified.laplace","eb",235,4.07999999999993,-1.71288038053517,0.241509183076396,-2.1862296813006,-1.23953107976975,3.84437667154284,1.57372262394132,6.77945492894174,0.635785308876872,0.344297808671854,0.882328857994239
23,"Full Laplace, eb (main)","laplace","eb",235,4.38000000000011,-1.71288032433913,0.241509148968099,-2.18622955825352,-1.23953109042474,3.84437679453602,1.5737227756149,6.77945456121949,0.635785269774071,0.344297784502762,0.882328872172949
23,"Full Laplace, grid","laplace","grid",235,4.80999999999949,-1.71170784779908,0.254676831921471,-2.23064531101005,-1.22365934658124,3.84437845474138,1.57372439436825,6.77946099273764,0.635785391049319,0.344297631116724,0.882329496638965
24,"Gaussian","gaussian","eb",376,4.23999999999978,-1.93813950330028,0.348528878449767,-2.62124355263396,-1.2550354539666,3.74891442589904,1.93639002545782,5.94964839747611,1.18367748687439,0.687447464055027,1.6235084886962
24,"Simplified Laplace","simplified.laplace","eb",376,4.55999999999949,-1.9381391395549,0.348528640519076,-2.621242722553,-1.2550355565568,3.74891531674696,1.93639007575794,5.94965353406568,1.18367754771679,0.687447686807453,1.62350896222292
24,"Full Laplace, eb (main)","laplace","eb",376,4.64000000000033,-1.93813927767315,0.34852872786128,-2.62124303185882,-1.25503552348748,3.74891464404141,1.93639051043742,5.94965020903128,1.18367746926539,0.687447755415558,1.62350855433036
24,"Full Laplace, grid","laplace","grid",376,5.25,-1.95379140606968,0.37508209754905,-2.73874324731947,-1.25435364617401,3.74891572726623,1.93638658205112,5.94965393099953,1.18367803738098,0.687446338980761,1.623509980521
25,"Gaussian","gaussian","eb",360,4.21000000000004,-1.55488621700797,0.16946834469384,-1.88703806912751,-1.22273436488842,2.42721096203997,1.00069934648689,4.25846623894464,0.4895217859689,0.253019959882764,0.686081089446557
25,"Simplified Laplace","simplified.laplace","eb",360,4.13000000000011,-1.55488626382254,0.169468320699618,-1.88703806891428,-1.22273445873081,2.42721132157873,1.00069892838423,4.25846912326899,0.489521764668111,0.253019994249314,0.686081014584734
25,"Full Laplace, eb (main)","laplace","eb",360,4.24000000000069,-1.55488625371098,0.169468304491431,-1.88703802703525,-1.2227344803867,2.42721197034565,1.0006982652691,4.25847207226961,0.489521783821498,0.253019937132165,0.686081139790246
25,"Full Laplace, grid","laplace","grid",360,4.75,-1.5415511696777,0.182266939143482,-1.89401150209619,-1.16962269562486,2.42721096203997,1.00069934648689,4.25846623894464,0.4895217859689,0.253019959882764,0.686081089446557
26,"Gaussian","gaussian","eb",270,4.11000000000058,-1.8671544030853,0.28979619614374,-2.43514451038374,-1.29916429578687,6.70223897063904,1.50200069102572,14.9287896056854,0.938315954514599,0.407768238641479,1.40224506272782
26,"Simplified Laplace","simplified.laplace","eb",270,3.80000000000018,-1.86715390919226,0.289796050664028,-2.4351437313557,-1.29916408702883,6.70221940289609,1.50200923299511,14.9287077918294,0.93831452937028,0.407769143897884,1.40224155246037
26,"Full Laplace, eb (main)","laplace","eb",270,3.94999999999982,-1.86715420472336,0.289796112801841,-2.43514414867467,-1.29916426077204,6.70224136055465,1.50200021027104,14.9287993169121,0.938315933605352,0.407768055402146,1.40224534357072
26,"Full Laplace, grid","laplace","grid",270,4.8100000000004,-1.90958345421888,0.342802446535997,-2.63923479058841,-1.29347792720423,6.70221940289609,1.50200923299511,14.9287077918294,0.93831452937028,0.407769143897884,1.40224155246037
27,"Gaussian","gaussian","eb",476,4.14999999999964,-1.89351820578924,0.223007377296844,-2.33060463357779,-1.4564317780007,3.47651439644974,1.59779832895172,5.81158067574866,0.659913415555199,0.357657975307826,0.920473601154302
27,"Simplified Laplace","simplified.laplace","eb",476,4.30000000000018,-1.89351821747305,0.223007433938687,-2.33060475627757,-1.45643167866853,3.47651425868911,1.59779801211717,5.8115791515481,0.659913434469617,0.357657856883424,0.920473620462215
27,"Full Laplace, eb (main)","laplace","eb",476,4.44000000000051,-1.89351818942536,0.22300738290751,-2.33060462821061,-1.4564317506401,3.4765146830752,1.59779805889061,5.81158134470317,0.659913457866567,0.357657854330298,0.920473774753532
27,"Full Laplace, grid","laplace","grid",476,4.85000000000036,-1.89232831143595,0.233924023877585,-2.36551324189421,-1.43914255989196,3.47651459326119,1.59779809407694,5.81158197194396,0.659913445240145,0.357657949990964,0.920473696715294
28,"Gaussian","gaussian","eb",231,4.40999999999985,-1.28267838809068,0.251482018876647,-1.77557408784833,-0.789782688333032,4.49388275515365,1.46542472224042,8.68369836631626,0.745178417933484,0.415197653166586,1.02055520190241
28,"Simplified Laplace","simplified.laplace","eb",231,4.6299999999992,-1.28267792741263,0.251481871982047,-1.77557333926215,-0.789782515563104,4.49389285171447,1.46541510823988,8.68374124835993,0.74517876509544,0.41519707119317,1.02055681116779
28,"Full Laplace, eb (main)","laplace","eb",231,4.36999999999989,-1.28267834856154,0.25148185472541,-1.77557372658868,-0.789782970534403,4.49387334344913,1.46543278863686,8.68365625655369,0.745177930328554,0.415197961340416,1.02055425113554
28,"Full Laplace, grid","laplace","grid",231,5.14999999999964,-1.25072429197278,0.272495819138706,-1.77667811748528,-0.697102780947939,4.49390060979203,1.46541508948808,8.6837838381645,0.745178251111792,0.415197687930537,1.02055568640166
29,"Gaussian","gaussian","eb",341,4.13999999999942,-1.62621609474386,0.283778709178555,-2.1824121443131,-1.07002004517463,3.68907623476465,1.82820931871467,5.96539061471355,0.966391458613832,0.566118650598195,1.3172763267341
29,"Simplified Laplace","simplified.laplace","eb",341,3.96999999999935,-1.62621595252086,0.283778670449715,-2.18241192618296,-1.07001997885875,3.68907936767256,1.82820528309478,5.96540390504111,0.966391749229467,0.566117764707136,1.31727772970923
29,"Full Laplace, eb (main)","laplace","eb",341,4.05000000000018,-1.62621609474386,0.283778709178555,-2.1824121443131,-1.07002004517463,3.68907623476465,1.82820931871467,5.96539061471355,0.966391458613832,0.566118650598195,1.3172763267341
29,"Full Laplace, grid","laplace","grid",341,4.96000000000004,-1.64277010560842,0.306037022707433,-2.28120534311852,-1.06821812406114,3.68907723967761,1.82820895678833,5.96539343419752,0.966391281804581,0.566118476341327,1.31727631139245
30,"Gaussian","gaussian","eb",345,4.88999999999942,-1.44060762110731,0.195742497842263,-1.82425586712206,-1.05695937509257,2.22867638963542,1.21828176945006,3.42772949076434,0.649245490900207,0.419041389415562,0.846065382291167
30,"Simplified Laplace","simplified.laplace","eb",345,4.56999999999971,-1.44060755723256,0.195742442783608,-1.82425569533432,-1.05695941913079,2.2286762510996,1.21828257344458,3.42772862362079,0.64924544653056,0.419041436821586,0.846065327416944
30,"Full Laplace, eb (main)","laplace","eb",345,4.80000000000018,-1.44060755723256,0.195742442783608,-1.82425569533432,-1.05695941913079,2.2286762510996,1.21828257344458,3.42772862362079,0.64924544653056,0.419041436821586,0.846065327416944
30,"Full Laplace, grid","laplace","grid",345,5.69999999999982,-1.43913233219193,0.210638680542788,-1.87109661212028,-1.03776207569031,2.22867614025689,1.21828197577784,3.42772861697486,0.649245204641164,0.419041728543102,0.846064597184111
31,"Gaussian","gaussian","eb",332,4.11000000000058,-1.59728809288332,0.280581798892284,-2.14721831342966,-1.04735787233699,3.33273836928381,1.71778938357516,5.30194810549807,0.943843962042072,0.565792061947395,1.27696471028178
31,"Simplified Laplace","simplified.laplace","eb",332,4.43000000000029,-1.59728803035637,0.28058173062733,-2.14721811710585,-1.04735794360688,3.33273941738568,1.7177876891118,5.30195482871203,0.943844160079219,0.565791979978162,1.2769652970379
31,"Full Laplace, eb (main)","laplace","eb",332,4.28999999999996,-1.59728779318813,0.280581488232186,-2.14721740485186,-1.0473581815244,3.33273694529981,1.71779331346718,5.30194310902297,0.9438434794966,0.565793124534378,1.2769634136775
31,"Full Laplace, grid","laplace","grid",332,5.02000000000044,-1.60460840186293,0.299261480665939,-2.22023437983887,-1.03506208198927,3.33273730858054,1.7177907122317,5.30194425689305,0.943843709059005,0.565792548175766,1.27696386844748
32,"Gaussian","gaussian","eb",287,4.35999999999967,-1.49573210674496,0.244254521173561,-1.97446217130621,-1.0170020421837,3.72634617677019,1.79658612631068,6.10964645670491,0.742481598138316,0.442872084594083,1.00092161472004
32,"Simplified Laplace","simplified.laplace","eb",287,3.92000000000007,-1.49573210674496,0.244254521173561,-1.97446217130621,-1.0170020421837,3.72634617677019,1.79658612631068,6.10964645670491,0.742481598138316,0.442872084594083,1.00092161472004
32,"Full Laplace, eb (main)","laplace","eb",287,4.17000000000007,-1.49573210674496,0.244254521173561,-1.97446217130621,-1.0170020421837,3.72634617677019,1.79658612631068,6.10964645670491,0.742481598138316,0.442872084594083,1.00092161472004
32,"Full Laplace, grid","laplace","grid",287,5.36000000000058,-1.50935125736694,0.257861954994319,-2.03683692166856,-1.01696360205946,3.72634494729036,1.79658791093889,6.10964162890485,0.742481395188265,0.442872413640906,1.00092098147179
33,"Gaussian","gaussian","eb",255,4.40999999999985,-1.30979892151344,0.181038508711888,-1.66462787840358,-0.9549699646233,2.43315867942034,1.13393899231973,4.01217909718439,0.557141452078822,0.291716089761619,0.774567146069377
33,"Simplified Laplace","simplified.laplace","eb",255,4.32999999999993,-1.30979892173738,0.181038507258097,-1.66462787577814,-0.954969967696613,2.43315935129526,1.13393756714764,4.0121829407887,0.55714148440854,0.29171591341812,0.774567342028693
33,"Full Laplace, eb (main)","laplace","eb",255,4.26000000000022,-1.3097989315798,0.181038556627843,-1.66462798238349,-0.954969880776111,2.43315975987599,1.13393641416134,4.01218449530939,0.557141515674029,0.291715820744236,0.774567419348416
33,"Full Laplace, grid","laplace","grid",255,5.19000000000051,-1.31430912340768,0.189066883109693,-1.69253335402584,-0.943976188416635,2.43316016171358,1.133935891898,4.01218683663362,0.557141452537045,0.291715765293357,0.774567398359704
34,"Gaussian","gaussian","eb",358,4.32999999999993,-1.81040678699781,0.245305156144675,-2.29119605826334,-1.32961751573227,2.59968221912381,1.40670161155957,4.02922133859112,0.74964811494641,0.47712708577488,0.987822292906645
34,"Simplified Laplace","simplified.laplace","eb",358,4.42000000000007,-1.81040685698233,0.24530524942377,-2.29119631107154,-1.32961740289313,2.59968664793574,1.40669283079866,4.02924359292707,0.749648704081345,0.477125913507004,0.987824331589159
34,"Full Laplace, eb (main)","laplace","eb",358,4.11999999999989,-1.81040695731451,0.245305369194847,-2.29119664615071,-1.32961726847831,2.59968894388016,1.40668767453727,4.02925502450534,0.749649050063769,0.477125198697241,0.987825455994007
34,"Full Laplace, grid","laplace","grid",358,5.14999999999964,-1.81028006307619,0.259964613219712,-2.34038274865292,-1.31288175874054,2.59968115824161,1.40670431070329,4.02921573023562,0.749647944341086,0.477127390231316,0.987821802967374
35,"Gaussian","gaussian","eb",209,4.22000000000025,-1.19942710089858,0.251823376324857,-1.69299184896057,-0.705862352836585,3.01131012694979,1.49179244806047,4.87438522000108,0.833073616080103,0.500688464459613,1.11791038166331
35,"Simplified Laplace","simplified.laplace","eb",209,4.55000000000018,-1.19942708490817,0.25182332871249,-1.69299173965164,-0.705862430164695,3.01131016415843,1.49179293002494,4.87438506888167,0.833073543087974,0.500688524160751,1.11791027218977
35,"Full Laplace, eb (main)","laplace","eb",209,4.59000000000015,-1.19942708490817,0.25182332871249,-1.69299173965164,-0.705862430164695,3.01131016415843,1.49179293002494,4.87438506888167,0.833073543087974,0.500688524160751,1.11791027218977
35,"Full Laplace, grid","laplace","grid",209,5.55000000000018,-1.18692857779998,0.267755932047786,-1.71649097382679,-0.655021592986313,3.01131029846384,1.49179319811859,4.87438565472064,0.833073434590092,0.500688561542329,1.11791013896037
36,"Gaussian","gaussian","eb",237,3.89000000000033,-1.47145667096349,0.32314829776776,-2.10481569625372,-0.838097645673252,5.2157226402798,1.86234456504614,9.72696198054895,1.05737513206074,0.478166170724298,1.56019063208467
36,"Simplified Laplace","simplified.laplace","eb",237,3.80999999999949,-1.47145695330568,0.323147988942394,-2.10481537330933,-0.838098533302044,5.21572161884651,1.86234838573421,9.72695623781315,1.05737422068587,0.478166822249705,1.56018891649303
36,"Full Laplace, eb (main)","laplace","eb",237,3.84000000000015,-1.47145673737642,0.323148140918727,-2.1048154552482,-0.838098019504645,5.21572309900568,1.86234580230266,9.72696229201046,1.05737481327361,0.478166243892671,1.56019025928939
36,"Full Laplace, grid","laplace","grid",237,4.94999999999982,-1.43120403502835,0.355591449355276,-2.09630218174047,-0.689130075137328,5.2157226402798,1.86234456504614,9.72696198054895,1.05737513206074,0.478166170724298,1.56019063208467
37,"Gaussian","gaussian","eb",226,4.28000000000065,-1.42196136860209,0.199226097607305,-1.81243734469287,-1.03148539251131,3.09105683749551,1.09606848121905,5.74307386063232,0.553269994661696,0.279909831954478,0.778688290061395
37,"Simplified Laplace","simplified.laplace","eb",226,3.85000000000036,-1.42196124448129,0.199225921974785,-1.81243687633865,-1.03148561262392,3.09105846674835,1.09606753181933,5.7430802453142,0.553269736862194,0.27990970047465,0.778688274952707
37,"Full Laplace, eb (main)","laplace","eb",226,3.82999999999993,-1.42196028246783,0.19922543295747,-1.81243495586887,-1.03148560906679,3.09105261932177,1.09608107623347,5.7430629777548,0.553268802638392,0.2799112595674,0.778685398099399
37,"Full Laplace, grid","laplace","grid",226,4.93000000000029,-1.43789738128556,0.217330526743747,-1.8982048017217,-1.03463534429983,3.09105261932177,1.09608107623347,5.7430629777548,0.553268802638392,0.2799112595674,0.778685398099399
38,"Gaussian","gaussian","eb",255,4.13999999999942,-1.27494333889418,0.227172646185478,-1.72019354369037,-0.829693134097977,3.63849044115376,1.28510533953823,6.9331104386079,0.703472469307723,0.393025051723129,0.965933938407027
38,"Simplified Laplace","simplified.laplace","eb",255,4.10999999999967,-1.27494328487312,0.227172677461693,-1.72019355096958,-0.829693018776672,3.63846876189831,1.28512180848594,6.93301360040259,0.703471928304443,0.393025168339109,0.965932606588927
38,"Full Laplace, eb (main)","laplace","eb",255,4.22000000000025,-1.27494333889418,0.227172646185478,-1.72019354369037,-0.829693134097977,3.63849044115376,1.28510533953823,6.9331104386079,0.703472469307723,0.393025051723129,0.965933938407027
38,"Full Laplace, grid","laplace","grid",255,4.94999999999982,-1.23260603205381,0.262821062699434,-1.73558031014917,-0.682494174784288,3.63849044115376,1.28510533953823,6.9331104386079,0.703472469307723,0.393025051723129,0.965933938407027
39,"Gaussian","gaussian","eb",330,4.49000000000069,-1.73104207374192,0.222244137374967,-2.16663257877203,-1.29545156871181,2.97142914767586,1.33823827135052,5.0661352753761,0.682748251013355,0.388999431936886,0.935996262797689
39,"Simplified Laplace","simplified.laplace","eb",330,4.28999999999996,-1.73104210324277,0.222244150921052,-2.16663263482272,-1.29545157166283,2.97143035733039,1.33823696090717,5.06614049626159,0.682748424638991,0.388999224213952,0.935996774994686
39,"Full Laplace, eb (main)","laplace","eb",330,4.22999999999956,-1.73104208511022,0.222244147313452,-2.1666326096194,-1.29545156060104,2.9714306834722,1.3382364542967,5.06614235357888,0.682748410704667,0.38899923310759,0.935996735960157
39,"Full Laplace, grid","laplace","grid",330,5.02999999999975,-1.78325092707038,0.274245149627016,-2.41250859558553,-1.30952939874083,2.97143153167611,1.3382358043299,5.06614572179285,0.68274850570772,0.388999063800234,0.935997105098578
40,"Gaussian","gaussian","eb",201,4.17000000000007,-1.21166067754682,0.227479616865642,-1.65751253382045,-0.765808821273194,3.82395795921395,1.52941231737492,6.7627599806124,0.652225128571799,0.339629543651411,0.911356487373965
40,"Simplified Laplace","simplified.laplace","eb",201,4.32999999999993,-1.21166068486621,0.227479630774535,-1.65751256840077,-0.765808801331652,3.82395587644773,1.5294146055273,6.76275001524528,0.652224980855562,0.339629723456566,0.911356011642659
40,"Full Laplace, eb (main)","laplace","eb",201,4.02999999999975,-1.21166068486621,0.227479630774535,-1.65751256840077,-0.765808801331652,3.82395587644773,1.5294146055273,6.76275001524528,0.652224980855562,0.339629723456566,0.911356011642659
40,"Full Laplace, grid","laplace","grid",201,4.91999999999916,-1.21047320415337,0.238878632439999,-1.69364034365227,-0.746799859333178,3.82395625398357,1.52941403215979,6.76275112008924,0.65222503920963,0.339629624062997,0.911356207946137
41,"Gaussian","gaussian","eb",399,4.07999999999993,-1.55889135948119,0.263035551472803,-2.07443156702151,-1.04335115194086,3.75056292473668,1.91180362272038,5.9903800414244,0.923023752207631,0.537926918126388,1.25850909117397
41,"Simplified Laplace","simplified.laplace","eb",399,4.21000000000004,-1.5588910868176,0.263035339707201,-2.07443087930498,-1.04335129433023,3.75056232446008,1.91180572574197,5.9903799792518,0.923023557745879,0.53792764443345,1.25850851433475
41,"Full Laplace, eb (main)","laplace","eb",399,3.94999999999982,-1.55889148286405,0.263035665370619,-2.07443191363999,-1.04335105208811,3.75056369740218,1.91180164497596,5.99038358996576,0.923024086965337,0.53792647517659,1.25850991162641
41,"Full Laplace, grid","laplace","grid",399,4.94000000000051,-1.57755400337693,0.282345871095193,-2.16591425405883,-1.04615717026232,3.75056330311627,1.9118035361411,5.99038197546135,0.923023854102483,0.537926827083443,1.25850944405007
42,"Gaussian","gaussian","eb",312,4.5600000000004,-1.50081714284255,0.266411130716605,-2.02297336412768,-0.978660921557409,3.01640299677984,1.64279257391419,4.65907760947161,0.901709621697283,0.561147655090868,1.20146541633523
42,"Simplified Laplace","simplified.laplace","eb",312,4.3100000000004,-1.50081706954415,0.266411240305859,-2.02297350562028,-0.978660633468025,3.01642495252276,1.64275369684451,4.65918678671219,0.901713777574381,0.561140163628935,1.20147986531312
42,"Full Laplace, eb (main)","laplace","eb",312,4.34000000000015,-1.50081705474277,0.266411273616548,-2.02297355610665,-0.978660553378886,3.0164291407452,1.64274603395662,4.65920791874033,0.901714598598206,0.561138742058012,1.20148264505116
42,"Full Laplace, grid","laplace","grid",312,5.51999999999953,-1.50722732870335,0.280031570726122,-2.05553513442153,-0.949129104186601,3.01639002907772,1.64281606847687,4.65901204973645,0.901707151786651,0.561152016330401,1.20145691771044
43,"Gaussian","gaussian","eb",244,4.26000000000022,-1.43744015665054,0.225640067840864,-1.8796865630878,-0.995193750213268,3.79785998169447,1.22152329991799,7.40380558451959,0.68139906759588,0.335626463850516,0.976670626799308
43,"Simplified Laplace","simplified.laplace","eb",244,3.89999999999964,-1.43744027635975,0.225640039915615,-1.87968662806453,-0.995193924654961,3.79786196517259,1.22152159975735,7.40381019003355,0.681399107333768,0.335625928317091,0.976671311003168
43,"Full Laplace, eb (main)","laplace","eb",244,4.03999999999996,-1.43744001717196,0.225639917305822,-1.87968612856596,-0.99519390577795,3.7978565781938,1.22152725458916,7.40379131736839,0.681398553083315,0.335626968458459,0.97666941054853
43,"Full Laplace, grid","laplace","grid",244,5.03999999999996,-1.46910451968076,0.249592966540933,-2.00058469613008,-1.00535803829815,3.79785894712587,1.22152344611006,7.40380216397778,0.681399194824409,0.335626627526032,0.976670544475354
44,"Gaussian","gaussian","eb",253,4.35999999999967,-1.37885581565515,0.272760228736645,-1.91345604039388,-0.844255590916418,3.76666695523484,1.60963337136004,6.54819714942646,0.907523919747036,0.521268237803825,1.24088294433768
44,"Simplified Laplace","simplified.laplace","eb",253,4.10999999999967,-1.37885579130598,0.272760120997383,-1.91345580487964,-0.844255777732324,3.76664746014591,1.60965071064683,6.54811511552607,0.907520605286081,0.521272133933054,1.24087298599374
44,"Full Laplace, eb (main)","laplace","eb",253,4.25,-1.37885579130598,0.272760120997383,-1.91345580487964,-0.844255777732324,3.76664746014591,1.60965071064683,6.54811511552607,0.907520605286081,0.521272133933054,1.24087298599374
44,"Full Laplace, grid","laplace","grid",253,5.19000000000051,-1.39368402634917,0.289707071455891,-1.97949619299139,-0.83070375074681,3.76666695523484,1.60963337136004,6.54819714942646,0.907523919747036,0.521268237803825,1.24088294433768
45,"Gaussian","gaussian","eb",316,4.02000000000044,-1.96477526934646,0.256638628618976,-2.46777773848141,-1.46177280021152,3.18650242604723,1.53948229304195,5.20660315427859,0.717568231531641,0.41312679821817,0.973955452261681
45,"Simplified Laplace","simplified.laplace","eb",316,4.45000000000073,-1.96477533367643,0.256638678557361,-2.46777790068881,-1.46177276666405,3.1865024118107,1.53948183591088,5.20660303296925,0.717568323136482,0.413126739122295,0.973955608840666
45,"Full Laplace, eb (main)","laplace","eb",316,4.26999999999953,-1.96477536987069,0.256638708555893,-2.46777799567912,-1.46177274406227,3.18650247986427,1.53948167016484,5.20660275606154,0.717568402463789,0.413126631771903,0.973955814814528
45,"Full Laplace, grid","laplace","grid",316,5.38999999999942,-1.96962089925423,0.269278677853043,-2.5225423361444,-1.45848884064486,3.1865024118107,1.53948183591088,5.20660303296925,0.717568323136482,0.413126739122295,0.973955608840666
46,"Gaussian","gaussian","eb",217,3.99000000000069,-1.40724223791927,0.238560754864785,-1.87481272557894,-0.9396717502596,3.6075025815321,1.13855738313619,7.13233976621706,0.779802504150381,0.370122461269945,1.13460841077543
46,"Simplified Laplace","simplified.laplace","eb",217,4.07999999999993,-1.4072421690173,0.238560766134326,-1.87481267876486,-0.93967165926974,3.60749707017683,1.138561084941,7.1323166580958,0.779802132867429,0.370123017753797,1.1346070934012
46,"Full Laplace, eb (main)","laplace","eb",217,4.27999999999975,-1.4072421690173,0.238560766134326,-1.87481267876486,-0.93967165926974,3.60749707017683,1.138561084941,7.1323166580958,0.779802132867429,0.370123017753797,1.1346070934012
46,"Full Laplace, grid","laplace","grid",217,5.07000000000062,-1.4878746202163,0.303155104091893,-2.19545423506848,-0.96418086541477,3.60749707017683,1.138561084941,7.1323166580958,0.779802132867429,0.370123017753797,1.1346070934012
47,"Gaussian","gaussian","eb",250,4.09000000000015,-1.2542309221168,0.246018620055923,-1.73641855695266,-0.772043287280951,3.50925434867869,1.50571487013825,6.0920404164439,0.78975254996724,0.430731465189279,1.09371200963591
47,"Simplified Laplace","simplified.laplace","eb",250,4.27999999999975,-1.25423093431519,0.246018473196209,-1.73641828131129,-0.772043587319087,3.50925095512627,1.50571956624436,6.09202603257968,0.789751942528734,0.43073226047479,1.09371033619986
47,"Full Laplace, eb (main)","laplace","eb",250,4.28999999999996,-1.25423104495039,0.246018619736154,-1.73641867915951,-0.772043410741275,3.50925363157046,1.50571538560543,6.09203890039741,0.789752458669573,0.430731850628965,1.09371148526484
47,"Full Laplace, grid","laplace","grid",250,5.39999999999964,-1.21739412902304,0.273902588358816,-1.75361553776641,-0.660627194398691,3.50926875358017,1.50569359229305,6.09211712785272,0.789753772218247,0.430731200965126,1.09371421938263
48,"Gaussian","gaussian","eb",355,4.27000000000044,-1.80674642586323,0.283070184898876,-2.36155379336212,-1.25193905836434,4.39843966261508,1.69284853975468,7.99239489774085,0.93997257857488,0.434563346790441,1.38444597343608
48,"Simplified Laplace","simplified.laplace","eb",355,4.39999999999964,-1.80674642586323,0.283070184898876,-2.36155379336212,-1.25193905836434,4.39843966261508,1.69284853975468,7.99239489774085,0.93997257857488,0.434563346790441,1.38444597343608
48,"Full Laplace, eb (main)","laplace","eb",355,4.5600000000004,-1.80674681239616,0.283070734421342,-2.36155525693929,-1.25193836785303,4.39844974200691,1.69283324149616,7.9924364180534,0.939974861769865,0.434560149255159,1.38445191305733
48,"Full Laplace, grid","laplace","grid",355,5.72000000000025,-1.82546736263983,0.298635811200352,-2.44174226491162,-1.25645530958422,4.39843966261508,1.69284853975468,7.99239489774085,0.93997257857488,0.434563346790441,1.38444597343608
49,"Gaussian","gaussian","eb",206,3.90000000000055,-1.17591221674276,0.252007017584306,-1.66983689505936,-0.681987538426172,5.07664538238933,1.82113338444074,9.44025344054648,0.787362401478631,0.38003128223628,1.13333557188666
49,"Simplified Laplace","simplified.laplace","eb",206,4.14000000000033,-1.1759119892951,0.25200667037669,-1.66983598709727,-0.681987991492926,5.07664902298665,1.821133113251,9.44027646292249,0.787362013485131,0.380031617550742,1.13333512762112
49,"Full Laplace, eb (main)","laplace","eb",206,4.16999999999916,-1.17591104896934,0.25200524670896,-1.66983225643403,-0.681989841504649,5.07663467437901,1.82115992618896,9.44023533789647,0.787358299194117,0.380035396794592,1.13332688269394
49,"Full Laplace, grid","laplace","grid",206,4.76000000000022,-1.16119239570695,0.267620422707898,-1.70945403386042,-0.648063869749862,5.07664902298665,1.821133113251,9.44027646292249,0.787362013485131,0.380031617550742,1.13333512762112
50,"Gaussian","gaussian","eb",323,4.5600000000004,-1.83907884077451,0.365133621208303,-2.55472758788747,-1.12343009366155,4.42110267506349,2.22475818340903,7.12816457075909,1.21135038773817,0.710882898090614,1.65440498443213
50,"Simplified Laplace","simplified.laplace","eb",323,4.32999999999993,-1.83907877527938,0.365133571805848,-2.55472742556532,-1.12343012499345,4.42110419585933,2.22475643261275,7.12817226340553,1.21135058549957,0.710882707494725,1.65440567896222
50,"Full Laplace, eb (main)","laplace","eb",323,4.63000000000011,-1.83907856092667,0.365133420604941,-2.55472691486427,-1.12343020698907,4.42110154378541,2.22476096456054,7.12816115827981,1.21134991283863,0.710883844242713,1.65440371067962
50,"Full Laplace, grid","laplace","grid",323,5.20000000000073,-1.84358048261893,0.386438263337054,-2.64003579532321,-1.1141643286595,4.42110208985547,2.22476137522759,7.12816368195743,1.21134986529894,0.710883923737548,1.65440382305445
51,"Gaussian","gaussian","eb",286,4.19999999999982,-1.8696132527643,0.280714613144644,-2.4198037844619,-1.31942272106671,3.03618380483925,1.42875127418176,5.03344438391158,0.851139699107837,0.482408355533877,1.16974415818477
51,"Simplified Laplace","simplified.laplace","eb",286,4.22999999999956,-1.8696132527643,0.280714613144644,-2.4198037844619,-1.31942272106671,3.03618380483925,1.42875127418176,5.03344438391158,0.851139699107837,0.482408355533877,1.16974415818477
51,"Full Laplace, eb (main)","laplace","eb",286,4.29999999999927,-1.86961331784427,0.280714646172183,-2.41980391427466,-1.31942272141389,3.03618385616646,1.42875087464224,5.0334453200612,0.851139796845582,0.482408313289715,1.16974431478492
51,"Full Laplace, grid","laplace","grid",286,5.1899999999996,-1.87710751256939,0.296619830022247,-2.47035673052432,-1.29665922695861,3.03618385616646,1.42875087464224,5.0334453200612,0.851139796845582,0.482408313289715,1.16974431478492
52,"Gaussian","gaussian","eb",250,4.02000000000044,-1.84887517543378,0.311860602255076,-2.46011072405069,-1.23763962681686,4.71197220413377,1.91154090025267,8.33194018203469,0.908599441552695,0.482080190754912,1.27628485933866
52,"Simplified Laplace","simplified.laplace","eb",250,3.9399999999996,-1.84887515875532,0.311860594990746,-2.46011069313441,-1.23763962437622,4.71197117559157,1.9115413614662,8.33193465709835,0.908599245312607,0.482080289016055,1.27628435757117
52,"Full Laplace, eb (main)","laplace","eb",250,3.82000000000062,-1.84887520078738,0.311860628988927,-2.46011080180169,-1.23763959977308,4.71197206409595,1.91154071967727,8.331939172536,0.908599469558344,0.482080131139142,1.27628489758853
52,"Full Laplace, grid","laplace","grid",250,4.67000000000007,-1.86119558776732,0.323732570282583,-2.51916308438276,-1.24005445258541,4.71197091592353,1.91154164015001,8.33193285513779,0.908599431296653,0.482080201541555,1.2762846715475
53,"Gaussian","gaussian","eb",296,3.92000000000007,-1.35456966644724,0.212672434945903,-1.77139997944564,-0.937739353448828,4.448323430388,1.45139272834836,8.57258413848449,0.65510834802995,0.308313722899137,0.951760729880329
53,"Simplified Laplace","simplified.laplace","eb",296,4.24000000000069,-1.35456956798773,0.212672385812039,-1.77139978468553,-0.937739351289925,4.44831936041761,1.45139625662443,8.57257126492336,0.655107859975054,0.308314502538193,0.951759104044522
53,"Full Laplace, eb (main)","laplace","eb",296,4.26999999999953,-1.35456956798773,0.212672385812039,-1.77139978468553,-0.937739351289925,4.44831936041761,1.45139625662443,8.57257126492336,0.655107859975054,0.308314502538193,0.951759104044522
53,"Full Laplace, grid","laplace","grid",296,4.93000000000029,-1.37427651525734,0.244399740921233,-1.91001953028095,-0.940854850751127,4.44831705037986,1.45139854076567,8.5725628339512,0.655107616963556,0.308314838980954,0.951758351479211
54,"Gaussian","gaussian","eb",250,4,-1.19769131086428,0.214808693978807,-1.61870861462882,-0.776674007099727,4.14572948552279,1.35846871581279,8.02271695284113,0.741035936472522,0.347148853234234,1.07941213152419
54,"Simplified Laplace","simplified.laplace","eb",250,4.27999999999975,-1.19769154407843,0.214808766719279,-1.61870899041169,-0.776674097745181,4.14525053263754,1.35886514506454,8.02052381352011,0.740995232400702,0.347190029638135,1.07929162876445
54,"Full Laplace, eb (main)","laplace","eb",250,3.92000000000007,-1.19769121904564,0.214808654187608,-1.61870844482087,-0.77667399327041,4.14560729537968,1.35857068197762,8.02215790412951,0.741025722242643,0.347159249329825,1.07938193557873
54,"Full Laplace, grid","laplace","grid",250,4.96000000000004,-1.26585539131479,0.276220068515233,-1.90928951395699,-0.800444053370106,4.14525053263754,1.35886514506454,8.02052381352011,0.740995232400702,0.347190029638135,1.07929162876445
55,"Gaussian","gaussian","eb",182,4.23999999999978,-1.20338864966407,0.224457603346532,-1.64331746827945,-0.763459831048687,3.00931743508875,1.19074683821517,5.39100569504244,0.684167242030681,0.361418779236705,0.952695758023145
55,"Simplified Laplace","simplified.laplace","eb",182,3.97999999999956,-1.20338868209847,0.224457648333661,-1.643317588887,-0.763459775309938,3.00931662672312,1.19074729867608,5.39100222453181,0.684167205377404,0.361418976991951,0.95269544580974
55,"Full Laplace, eb (main)","laplace","eb",182,3.96999999999935,-1.2033886420234,0.224457594237823,-1.64331744278604,-0.76345984126076,3.00931977278504,1.19074398283204,5.3910174725475,0.684167307905686,0.361418692993576,0.952695961337691
55,"Full Laplace, grid","laplace","grid",182,4.82999999999993,-1.20999440035149,0.241418044814993,-1.70727019279127,-0.748306215380939,3.00931977278504,1.19074398283204,5.3910174725475,0.684167307905686,0.361418692993576,0.952695961337691
56,"Gaussian","gaussian","eb",212,4.66999999999916,-1.5134210235069,0.279934739706948,-2.06208303135412,-0.964759015659692,2.59522391205941,1.37873108986776,4.04970500696593,0.911906149884857,0.573813188522614,1.20445614377081
56,"Simplified Laplace","simplified.laplace","eb",212,4.61999999999989,-1.51342066789404,0.279934335543215,-2.06208188359489,-0.964759452193188,2.5952238726111,1.37873252723975,4.04970843779571,0.911905847107241,0.573813891332645,1.20445537470326
56,"Full Laplace, eb (main)","laplace","eb",212,4.35999999999967,-1.51342051496752,0.279934127098001,-2.06208132212326,-0.964759707811779,2.59522262823085,1.37873501899655,4.0497059093238,0.911905622595595,0.573814794794341,1.20445428796623
56,"Full Laplace, grid","laplace","grid",212,5.53000000000065,-1.52460350547322,0.298179586198136,-2.13730409844402,-0.956925302441587,2.5952238726111,1.37873252723975,4.04970843779571,0.911905847107241,0.573813891332645,1.20445537470326
57,"Gaussian","gaussian","eb",356,4.10999999999967,-1.6994580073999,0.229084430439733,-2.14845524048065,-1.25046077431916,3.48076007570743,1.37384232942644,6.20858946296259,0.710183382832163,0.354888440960606,1.01457936079572
57,"Simplified Laplace","simplified.laplace","eb",356,4.27000000000044,-1.69945880551746,0.229085434049653,-2.1484580056375,-1.25045960539741,3.48075334960184,1.37384041198739,6.2085557125372,0.710183866318839,0.354887979549111,1.01457878581392
57,"Full Laplace, eb (main)","laplace","eb",356,4.02999999999975,-1.69945857659044,0.229085150516148,-2.14845722099503,-1.25045993218585,3.48075496044866,1.37384112945503,6.20856372221031,0.710183624745897,0.354888204519442,1.01457865978298
57,"Full Laplace, grid","laplace","grid",356,5.25999999999931,-1.7009215335281,0.241533516580466,-2.19466395673739,-1.23572838479427,3.48075917261017,1.37384201898722,6.20858506219206,0.710183376990574,0.354888441843563,1.01457910767952
58,"Gaussian","gaussian","eb",306,4.22000000000025,-1.97166178437519,0.298920742855152,-2.55753567460324,-1.38578789414713,4.14364850545205,1.90340541876139,6.93930225655557,0.921354588666595,0.504204236332083,1.2827568527747
58,"Simplified Laplace","simplified.laplace","eb",306,4.21000000000004,-1.97166153492957,0.298920656695543,-2.55753525628789,-1.38578781357124,4.143648384157,1.90340628769816,6.93930304730659,0.921354538379334,0.504204541017521,1.28275670081159
58,"Full Laplace, eb (main)","laplace","eb",306,4.3100000000004,-1.97166153492957,0.298920656695543,-2.55753525628789,-1.38578781357124,4.143648384157,1.90340628769816,6.93930304730659,0.921354538379334,0.504204541017521,1.28275670081159
58,"Full Laplace, grid","laplace","grid",306,4.9399999999996,-1.98793573568742,0.33142625794303,-2.69283546324061,-1.38494093085503,4.14364774958624,1.90340692827623,6.93930063480479,0.921354496027477,0.504204708824445,1.28275644946235
59,"Gaussian","gaussian","eb",351,4.48000000000047,-1.3464255399696,0.281721182471027,-1.89858891129485,-0.794262168644348,3.52904150696642,1.97916421958582,5.37624377146655,0.97243568244698,0.632819326377453,1.27397381000087
59,"Simplified Laplace","simplified.laplace","eb",351,4.30999999999949,-1.34642510168742,0.281720714554999,-1.89858755591411,-0.794262647460733,3.52904327199141,1.97916678673498,5.37624675566157,0.972435091408077,0.632819220427977,1.2739735930394
59,"Full Laplace, eb (main)","laplace","eb",351,4.27999999999975,-1.34642729201837,0.281722342893039,-1.89859293772897,-0.794261646307768,3.52903454286722,1.97915772195666,5.3762386348702,0.972437641571563,0.632821067791847,1.27397390592173
59,"Full Laplace, grid","laplace","grid",351,5.17000000000007,-1.3520572356809,0.296874934895681,-1.94878752166222,-0.773994826399278,3.52901133574119,1.97916460292335,5.37614643839869,0.972435748408844,0.632826321395938,1.27396121431575
60,"Gaussian","gaussian","eb",292,4.22000000000025,-1.76208148518619,0.212832273388139,-2.17922507577473,-1.34493789459766,3.22788933978029,1.21349690468961,5.89204624130938,0.537381460687271,0.287424760793977,0.742221616434461
60,"Simplified Laplace","simplified.laplace","eb",292,3.9399999999996,-1.76208148518619,0.212832273388139,-2.17922507577473,-1.34493789459766,3.22788933978029,1.21349690468961,5.89204624130938,0.537381460687271,0.287424760793977,0.742221616434461
60,"Full Laplace, eb (main)","laplace","eb",292,3.94999999999982,-1.76208146922569,0.212832279797203,-2.17922507237575,-1.34493786607562,3.22789065181613,1.21349533947693,5.89205212125743,0.537381517823523,0.287424702728813,0.742221782557094
60,"Full Laplace, grid","laplace","grid",292,4.71999999999935,-1.74247463864905,0.225937197198317,-2.19819760922958,-1.30498467443608,3.22788914540596,1.21349799933438,5.89204608100723,0.537381353824664,0.287424826506099,0.742221408008901
61,"Gaussian","gaussian","eb",328,3.8799999999992,-1.91394975192712,0.248634909844324,-2.40126522052136,-1.42663428333289,2.97969150613807,1.46770647685862,4.83224747228718,0.717655950063943,0.433183620340617,0.962955713103662
61,"Simplified Laplace","simplified.laplace","eb",328,4.23000000000047,-1.91394964590789,0.248634857873979,-2.40126501264212,-1.42663427917365,2.97969659692669,1.46769946670799,4.83227121677762,0.717656510791861,0.433182622374237,0.962957789328485
61,"Full Laplace, eb (main)","laplace","eb",328,4,-1.91394988675454,0.248635012315909,-2.4012655561894,-1.42663421731969,2.97969486247569,1.4677006235493,4.83226350176846,0.717656507892674,0.433182776348114,0.962957389763875
61,"Full Laplace, grid","laplace","grid",328,5.17000000000007,-1.91488029982861,0.264261617007902,-2.45769572202776,-1.41302268212833,2.97969486247569,1.4677006235493,4.83226350176846,0.717656507892674,0.433182776348114,0.962957389763875
62,"Gaussian","gaussian","eb",350,4.26999999999953,-2.00953318821512,0.251192800195156,-2.50186202977339,-1.51720434665685,2.95716370288647,1.48818334513611,4.75445117557223,0.697823328536719,0.421287379068084,0.93689382485415
62,"Simplified Laplace","simplified.laplace","eb",350,4.31999999999971,-2.00953311074303,0.251192804094571,-2.50186195994402,-1.51720426154205,2.95716435863648,1.48818277891576,4.75445159386535,0.697823320914463,0.421287090664451,0.936894083468475
62,"Full Laplace, eb (main)","laplace","eb",350,4.19999999999982,-2.00953312214768,0.251192840204433,-2.5018620421227,-1.51720420217267,2.95716545612533,1.48818088700556,4.75445624561303,0.697823487791267,0.421286734782947,0.936894664015289
62,"Full Laplace, grid","laplace","grid",350,5.17000000000007,-2.00683408506219,0.263063748674798,-2.53821614980644,-1.49852141686847,2.95716435863648,1.48818277891576,4.75445159386535,0.697823320914463,0.421287090664451,0.936894083468475
63,"Gaussian","gaussian","eb",218,4.09000000000015,-1.71941457171042,0.216484828318835,-2.14371703841467,-1.29511210500617,3.78745913470389,1.12696890493234,7.49947957393673,0.520643905230215,0.225129368045457,0.754964780841514
63,"Simplified Laplace","simplified.laplace","eb",218,4.35000000000036,-1.71941457171042,0.216484828318835,-2.14371703841467,-1.29511210500617,3.78745913470389,1.12696890493234,7.49947957393673,0.520643905230215,0.225129368045457,0.754964780841514
63,"Full Laplace, eb (main)","laplace","eb",218,4.07000000000062,-1.71941440215052,0.216484735472197,-2.1437166868787,-1.29511211742233,3.78745694788175,1.12697206873974,7.49947047577995,0.520643727425915,0.225129455811833,0.754964476766211
63,"Full Laplace, grid","laplace","grid",218,4.86999999999989,-1.72082864473022,0.230565669177352,-2.20424167075431,-1.2927373240878,3.78745868893302,1.12697163130581,7.49947889393477,0.52064371494293,0.225129469938836,0.75496455288882
64,"Gaussian","gaussian","eb",380,4.13000000000011,-1.75731353799698,0.26313065535027,-2.27304014571193,-1.24158693028203,3.15792818938655,1.52400272068598,5.17371784564327,0.844988965761522,0.48391559482514,1.16230518682844
64,"Simplified Laplace","simplified.laplace","eb",380,4,-1.75731354737182,0.263130657241134,-2.2730401587928,-1.24158693595084,3.15793245026931,1.52399592749,5.17373948995552,0.844989719406437,0.483914395422664,1.1623077049599
64,"Full Laplace, eb (main)","laplace","eb",380,3.90999999999985,-1.75731353151109,0.263130672671038,-2.27304017317412,-1.24158688984806,3.15791638301401,1.52402067528193,5.1736590130601,0.844986855880088,0.483918995088035,1.16229805500385
64,"Full Laplace, grid","laplace","grid",380,4.77999999999975,-1.75416985806048,0.277423477501115,-2.30797220094036,-1.20764112593735,3.15792615349053,1.52400597544885,5.17370737917548,0.844988582108605,0.483916183446927,1.16230392078432
65,"Gaussian","gaussian","eb",296,4.11000000000058,-2.22721021789106,0.281731421335291,-2.77939365702151,-1.67502677876061,3.87951764258589,1.57659874833822,6.87008634586682,0.74516558756081,0.390685569314434,1.04913810811309
65,"Simplified Laplace","simplified.laplace","eb",296,4.03999999999996,-2.2272103630591,0.281731538438762,-2.77939403170814,-1.67502669441006,3.87950079395746,1.57661670066428,6.87000840204776,0.74516422166493,0.390687459786596,1.04913348578848
65,"Full Laplace, eb (main)","laplace","eb",296,4.08999999999924,-2.22721017543605,0.281731398725409,-2.77939357025195,-1.67502678062016,3.87951346292686,1.57660334084117,6.8700678561946,0.745165110165664,0.390686205705869,1.04913663997968
65,"Full Laplace, grid","laplace","grid",296,4.85999999999967,-2.23669107233967,0.295920468725933,-2.84317832814545,-1.67431398296782,3.87949563755926,1.57662325583441,6.86998361763286,0.745163782266681,0.390687996231825,1.04913218476154
66,"Gaussian","gaussian","eb",194,4.53000000000065,-1.4623439635267,0.208513240740331,-1.87102240567748,-1.05366552137593,2.54927215888108,1.08445126276342,4.40589440752247,0.571094348701847,0.323436453286905,0.775879000734407
66,"Simplified Laplace","simplified.laplace","eb",194,4.36999999999989,-1.46234388501683,0.208513187634273,-1.87102222308165,-1.05366554695202,2.54927273460884,1.0844511423134,4.40589733152932,0.571094329605166,0.323436424246631,0.77587905233638
66,"Full Laplace, eb (main)","laplace","eb",194,4.47999999999956,-1.46234389985921,0.208513199764976,-1.87102226169977,-1.05366553801865,2.54927276195066,1.08445088595166,4.40589761263101,0.571094326643203,0.32343643179519,0.775879018605452
66,"Full Laplace, grid","laplace","grid",194,5.39000000000033,-1.48567216854234,0.228247094211725,-1.96593596762424,-1.06040830629973,2.5492731091754,1.08445050362416,4.40589916257595,0.57109434009825,0.323436347044999,0.775879136278738
67,"Gaussian","gaussian","eb",298,4.11999999999989,-1.73069353711095,0.256970519020517,-2.23434649947972,-1.22704057474217,4.20864541801325,1.7495091265455,7.39018439704108,0.776753600864368,0.422112586011807,1.08666063213258
67,"Simplified Laplace","simplified.laplace","eb",298,3.80000000000018,-1.73069341189851,0.256970474391778,-2.23434628679657,-1.22704053700046,4.20864326831237,1.74951148415368,7.39017567242379,0.776753268952664,0.422113009880559,1.08665967287166
67,"Full Laplace, eb (main)","laplace","eb",298,4,-1.73069341189851,0.256970474391778,-2.23434628679657,-1.22704053700046,4.20864326831237,1.74951148415368,7.39017567242379,0.776753268952664,0.422113009880559,1.08665967287166
67,"Full Laplace, grid","laplace","grid",298,4.80999999999949,-1.75684283235187,0.289242953369038,-2.37586720070125,-1.23151113217781,4.20864326831237,1.74951148415368,7.39017567242379,0.776753268952664,0.422113009880559,1.08665967287166
68,"Gaussian","gaussian","eb",315,4.28999999999996,-1.77605057708908,0.285895110974971,-2.3363946979561,-1.21570645622205,4.29804717982191,1.81602073364639,7.4951555193768,0.882925824263402,0.443102679961087,1.27093292431432
68,"Simplified Laplace","simplified.laplace","eb",315,4.10000000000036,-1.77605028660032,0.285895481563756,-2.33639513380802,-1.21570543939262,4.29804599582896,1.8160179828323,7.4951511458949,0.882926310382978,0.443102275485847,1.27093336879009
68,"Full Laplace, eb (main)","laplace","eb",315,4,-1.77605026770484,0.285895669881498,-2.33639548400853,-1.21570505140115,4.2980504287782,1.81601149853599,7.49517300824367,0.882927520484012,0.443101154300313,1.27093642978131
68,"Full Laplace, grid","laplace","grid",315,4.88000000000011,-1.75698480276801,0.307109018978703,-2.33954374562817,-1.1240495855341,4.29804994109587,1.81601536106809,7.49516866421226,0.882926660864026,0.443101757453316,1.27093488902006
69,"Gaussian","gaussian","eb",162,4.21000000000004,-1.32082271358743,0.20975231495337,-1.73192969656993,-0.909715730604918,2.78220568656461,0.842884740569565,5.42323637949783,0.554361522746678,0.208338753001082,0.828619930376277
69,"Simplified Laplace","simplified.laplace","eb",162,4.25,-1.32082271969423,0.209752343430559,-1.731929758491,-0.909715680897454,2.78220573839127,0.842884025287621,5.42323718166021,0.554361395832526,0.208339072442379,0.828619380504031
69,"Full Laplace, eb (main)","laplace","eb",162,4.10000000000036,-1.32082273407638,0.209752399146694,-1.73192988207477,-0.909715586077993,2.78220724524067,0.842881894053012,5.42324467351468,0.554361704389223,0.208338774786968,0.828620162005734
69,"Full Laplace, grid","laplace","grid",162,4.96999999999935,-1.31092340546513,0.218831952786702,-1.75252693470232,-0.882947444989465,2.78220573839127,0.842884025287621,5.42323718166021,0.554361395832526,0.208339072442379,0.828619380504031
70,"Gaussian","gaussian","eb",336,3.97000000000025,-1.4853770707526,0.247272741331626,-1.97002273812108,-1.00073140338412,3.03311260219879,1.54160477240488,4.83747854057245,0.829451909344738,0.498661989564169,1.11857582511305
70,"Simplified Laplace","simplified.laplace","eb",336,4.22000000000025,-1.4853770072694,0.24727264888502,-1.97002249344586,-1.00073152109294,3.03311228945681,1.54160552093917,4.83747783779642,0.829451767056705,0.498662257523278,1.11857546290122
70,"Full Laplace, eb (main)","laplace","eb",336,4.15999999999985,-1.4853770707526,0.247272741331626,-1.97002273812108,-1.00073140338412,3.03311260219879,1.54160477240488,4.83747854057245,0.829451909344738,0.498661989564169,1.11857582511305
70,"Full Laplace, grid","laplace","grid",336,5.25,-1.4892408738747,0.26418924970443,-2.03093414501521,-0.98341312108484,3.03311147921631,1.54160712258604,4.83747279770975,0.829451614296753,0.498662435494634,1.11857498101567
71,"Gaussian","gaussian","eb",228,4.05999999999949,-1.30896384168949,0.217843234069578,-1.73592873474159,-0.881998948637386,3.30099809877221,1.26082635102742,5.93459069466901,0.649352681804525,0.334450358375402,0.905910163239846
71,"Simplified Laplace","simplified.laplace","eb",228,4.28999999999996,-1.30896458847317,0.217844413030697,-1.73593179224661,-0.881997384699736,3.30099802194252,1.26081374032322,5.93458534631871,0.649354365998663,0.334448860646804,0.905913207895213
71,"Full Laplace, eb (main)","laplace","eb",228,4.35000000000036,-1.30896387363951,0.217843147652864,-1.73592859731796,-0.881999149961052,3.30099718775091,1.2608289358077,5.9345876241901,0.649352578345851,0.334450543216444,0.905909851831036
71,"Full Laplace, grid","laplace","grid",228,5.17000000000007,-1.29752573025307,0.233701742126573,-1.77648101684631,-0.849155785417655,3.30099809877221,1.26082635102742,5.93459069466901,0.649352681804525,0.334450358375402,0.905910163239846
72,"Gaussian","gaussian","eb",429,4.32999999999993,-1.70560153079811,0.216529276668238,-2.12999111466637,-1.28121194692986,3.70653187277954,1.60974482802271,6.39880775067079,0.661715118019453,0.368415570646687,0.915589871391024
72,"Simplified Laplace","simplified.laplace","eb",429,4.22000000000025,-1.70560194800951,0.216529997933731,-2.12999294553215,-1.28121095048686,3.70653347922629,1.60973349646343,6.39881389553131,0.661716185335994,0.368414478081502,0.915591577764792
72,"Full Laplace, eb (main)","laplace","eb",429,4.39999999999964,-1.7056016994096,0.216529568503798,-2.12999185526504,-1.28121154355416,3.7065345381202,1.60973807541066,6.39881938113154,0.661715753236883,0.368414846916461,0.915591212558973
72,"Full Laplace, grid","laplace","grid",429,5.21000000000004,-1.72446193461422,0.229974656956348,-2.19341730415754,-1.28190578451478,3.70653313940848,1.6097390653861,6.39881526259921,0.661715700601201,0.368415176979141,0.915590745784734
73,"Gaussian","gaussian","eb",283,4.14000000000033,-1.10378001029337,0.161180216897375,-1.41968743043258,-0.787872590154163,2.52882613440488,0.963526093093365,4.56422839629891,0.529940485511059,0.263871064555282,0.748381874887635
73,"Simplified Laplace","simplified.laplace","eb",283,4.40000000000055,-1.10378001070882,0.161180200794387,-1.41968739928676,-0.78787262213089,2.52882673946101,0.963525345419779,4.56423342281926,0.52994058078579,0.263871252088015,0.748381854066281
73,"Full Laplace, eb (main)","laplace","eb",283,4.14000000000033,-1.10378001234917,0.161180220319822,-1.41968743919625,-0.787872585502088,2.52882715850483,0.963524749447461,4.56423416270455,0.529940632405791,0.263871016408006,0.748382178321774
73,"Full Laplace, grid","laplace","grid",283,5.35999999999967,-1.11255830941505,0.173024518594256,-1.46632131220138,-0.777721081370174,2.52882789609591,0.963523142446217,4.56423867399253,0.529940810652674,0.26387093917034,0.74838248243467
74,"Gaussian","gaussian","eb",358,4.3100000000004,-1.37175896026084,0.229129517072765,-1.82084456151852,-0.922673359003165,2.75361111202233,1.49054325552617,4.27053496114966,0.767106542582525,0.493034600640523,1.00734113266345
74,"Simplified Laplace","simplified.laplace","eb",358,4.26999999999953,-1.37175897431973,0.229129629667565,-1.82084479625916,-0.922673152380307,2.75361087321731,1.49054288177455,4.27053374843278,0.767106702341651,0.493034445076625,1.00734141109785
74,"Full Laplace, eb (main)","laplace","eb",358,4.09000000000015,-1.37175897431973,0.229129629667565,-1.82084479625916,-0.922673152380307,2.75361087321731,1.49054288177455,4.27053374843278,0.767106702341651,0.493034445076625,1.00734141109785
74,"Full Laplace, grid","laplace","grid",358,5.24000000000069,-1.35301436222472,0.249022017128353,-1.83657192186252,-0.847852910403602,2.75361177658844,1.49054116135818,4.27053828396044,0.767106883547435,0.493034177611485,1.00734195157811
75,"Gaussian","gaussian","eb",193,4.35999999999967,-1.3314232017503,0.263153145822593,-1.847193889981,-0.8156525135196,3.76759420539832,1.53706816140865,6.65521759449453,0.795631648498444,0.435340079367627,1.10026929319391
75,"Simplified Laplace","simplified.laplace","eb",193,4.44999999999982,-1.33142344443996,0.263153295511396,-1.84719442605532,-0.8156524628246,3.76759730609413,1.53706324536301,6.65523206157693,0.795632084896655,0.435339577850618,1.10027036519937
75,"Full Laplace, eb (main)","laplace","eb",193,4.10000000000036,-1.33142344972137,0.263153296260137,-1.84719443280424,-0.815652466638505,3.76759567388893,1.53706547508507,6.6552234952054,0.795632027476916,0.435339663296067,1.10027019272571
75,"Full Laplace, grid","laplace","grid",193,5.31999999999971,-1.35494061582496,0.29151995058621,-1.97787933422958,-0.820987770104519,3.76759581530262,1.53706606196416,6.65522510584152,0.795631831212972,0.435339929271917,1.10026975300656
76,"Gaussian","gaussian","eb",267,4.36999999999989,-1.39201833596335,0.287131250733491,-1.95478524623693,-0.82925142568977,3.27725123022628,1.64248360637105,5.28806971702656,0.955903078473732,0.586895046024008,1.277268158795
76,"Simplified Laplace","simplified.laplace","eb",267,4.42000000000007,-1.39201833596335,0.287131250733491,-1.95478524623693,-0.82925142568977,3.27725123022628,1.64248360637105,5.28806971702656,0.955903078473732,0.586895046024008,1.277268158795
76,"Full Laplace, eb (main)","laplace","eb",267,4.27999999999975,-1.39201827996464,0.287131242097184,-1.95478517331137,-0.829251386617911,3.27725084182162,1.64248415857899,5.28806754237272,0.95590293741358,0.586895147442759,1.27726780865902
76,"Full Laplace, grid","laplace","grid",267,5.19999999999982,-1.35890772342893,0.315464214654374,-1.96707127854675,-0.711085388905223,3.27725019019578,1.64248612842826,5.28806626256044,0.955902814836795,0.586895578369744,1.27726743175126
77,"Gaussian","gaussian","eb",431,4.19999999999982,-1.64644348209017,0.323196475659974,-2.27989693431399,-1.01299002986634,4.99426947921771,2.56348915777754,7.99801332897688,1.11380581753974,0.638754897897622,1.539035337241
77,"Simplified Laplace","simplified.laplace","eb",431,3.93000000000029,-1.64644353739877,0.323196492179533,-2.27989702200033,-1.0129900527972,4.99427372094782,2.56348397626978,7.99803107740296,1.11380649865098,0.638753783330395,1.53903760827672
77,"Full Laplace, eb (main)","laplace","eb",431,3.99000000000069,-1.64644353739877,0.323196492179533,-2.27989702200033,-1.0129900527972,4.99427372094782,2.56348397626978,7.99803107740296,1.11380649865098,0.638753783330395,1.53903760827672
77,"Full Laplace, grid","laplace","grid",431,4.92000000000007,-1.65931982737394,0.33888338509862,-2.35082151393962,-1.01255129878244,4.99426947921771,2.56348915777754,7.99801332897688,1.11380581753974,0.638754897897622,1.539035337241
78,"Gaussian","gaussian","eb",408,4.28999999999996,-1.8900636204961,0.22493601446563,-2.33093010767471,-1.44919713331748,3.29210276093881,1.49519811070069,5.56126950423927,0.65768659351742,0.371405189471857,0.906056241148886
78,"Simplified Laplace","simplified.laplace","eb",408,3.98999999999978,-1.8900633622232,0.224935883232641,-2.33092959218988,-1.44919713225652,3.29210168943294,1.49520056053761,5.56126692113953,0.657686406884475,0.371405695992103,0.90605564330059
78,"Full Laplace, eb (main)","laplace","eb",408,4.06999999999971,-1.89006301778567,0.224935709592636,-2.3309289074242,-1.44919712814715,3.29209943048203,1.49520455273746,5.56125948400097,0.657685994361449,0.371406545528025,0.90605436846602
78,"Full Laplace, grid","laplace","grid",408,5.19999999999982,-1.89599108552497,0.247959718516194,-2.4205346459894,-1.44051697498843,3.29210276093881,1.49519811070069,5.56126950423927,0.65768659351742,0.371405189471857,0.906056241148886
79,"Gaussian","gaussian","eb",218,4.15999999999985,-1.12914153400171,0.193891091245477,-1.50916108976601,-0.749121978237401,2.6022059368049,1.22189892566682,4.30626146367334,0.628302265955065,0.347317476067699,0.863403936014809
79,"Simplified Laplace","simplified.laplace","eb",218,4.27999999999975,-1.12914152996342,0.193891067952085,-1.50916104007351,-0.749122019853321,2.60220578943045,1.22189906356656,4.30626170811047,0.628302189248404,0.347317705738623,0.863403604144508
79,"Full Laplace, eb (main)","laplace","eb",218,4.05999999999949,-1.12914152965125,0.193891070339733,-1.50916104444105,-0.749122014861456,2.60220622552495,1.22189834481536,4.30626378185524,0.62830223567055,0.347317545545578,0.863403820884652
79,"Full Laplace, grid","laplace","grid",218,5.3100000000004,-1.12850626765789,0.206187610443383,-1.54487211821816,-0.727644177225569,2.60220525836506,1.22189982493141,4.30625865223915,0.628302190825725,0.347317708540497,0.863403557226373
80,"Gaussian","gaussian","eb",242,3.99000000000069,-1.56262516879933,0.210303728666145,-1.97481290279946,-1.1504374347992,3.33891080577738,1.26029852156916,6.00847369608505,0.589682326833366,0.269456034696647,0.855297157319146
80,"Simplified Laplace","simplified.laplace","eb",242,3.86999999999989,-1.56262557223936,0.210303979826451,-1.97481379850465,-1.15043734597408,3.33891033516738,1.26029649807601,6.00847428153384,0.589682951761767,0.26945571091517,0.855298177367674
80,"Full Laplace, eb (main)","laplace","eb",242,4.14000000000033,-1.56262559573939,0.210303982389091,-1.97481382702735,-1.15043736445143,3.33890951545577,1.26029795258951,6.0084684130407,0.589682812185436,0.269455855789375,0.855297804446256
80,"Full Laplace, grid","laplace","grid",242,5.32000000000062,-1.5760049904294,0.233828876397183,-2.08198228106392,-1.15368194153272,3.33890951545577,1.26029795258951,6.0084684130407,0.589682812185436,0.269455855789375,0.855297804446256
81,"Gaussian","gaussian","eb",318,4.28999999999996,-1.63775822839867,0.247593931893114,-2.12303341769984,-1.15248303909751,2.53559311855889,1.38885532764592,3.89526243673626,0.838354932217934,0.518036507553869,1.11642106466592
81,"Simplified Laplace","simplified.laplace","eb",318,4.39999999999964,-1.63775836632415,0.247594020973869,-2.12303373022038,-1.15248300242791,2.53559326517576,1.38885437550148,3.89526348763423,0.838355095017343,0.518036316618307,1.11642139782755
81,"Full Laplace, eb (main)","laplace","eb",318,4.3100000000004,-1.6377581580985,0.247593897619811,-2.12303328022523,-1.15248303597178,2.53559266818797,1.38885610107452,3.8952607789004,0.838354849044675,0.51803675569358,1.11642072879389
81,"Full Laplace, grid","laplace","grid",318,4.97000000000025,-1.66179320046331,0.274150719689805,-2.24785779701072,-1.1589058557771,2.53559266818797,1.38885610107452,3.8952607789004,0.838354849044675,0.51803675569358,1.11642072879389
82,"Gaussian","gaussian","eb",346,4.42999999999938,-1.73122632523926,0.313689088361752,-2.34604564077149,-1.11640700970702,4.96966371666839,2.04026638004007,8.87293003315624,1.03883289697126,0.509834612396786,1.5166693367184
82,"Simplified Laplace","simplified.laplace","eb",346,4.32999999999993,-1.73122587270479,0.313688954559554,-2.34604492598953,-1.11640681942004,4.9696644892728,2.04026648855311,8.87293021157623,1.03883256010018,0.50983430608669,1.51666904686089
82,"Full Laplace, eb (main)","laplace","eb",346,4.21000000000004,-1.73122582204647,0.313688921546579,-2.34604481062697,-1.11640683346596,4.96966402586888,2.04026738688783,8.87292742946644,1.0388324511404,0.509834348378564,1.51666884581344
82,"Full Laplace, grid","laplace","grid",346,5.17000000000007,-1.68792386681458,0.352191095178161,-2.35323738833734,-0.954857682825416,4.96967437689301,2.04025717994655,8.87297218459359,1.03883419647031,0.509832572050786,1.51667372252756
83,"Gaussian","gaussian","eb",268,4.38999999999942,-2.14426533279466,0.361565388381456,-2.85292047207855,-1.43561019351077,3.83977646409075,1.58072622871448,6.7215065298633,1.11909682589805,0.548309092049445,1.61547886230383
83,"Simplified Laplace","simplified.laplace","eb",268,4.32999999999993,-2.14426560057981,0.361565546425011,-2.85292104962337,-1.43561015153624,3.83977796919156,1.58072280701478,6.72151478246086,1.11909739760262,0.548308304400253,1.61548034780404
83,"Full Laplace, eb (main)","laplace","eb",268,4.28999999999996,-2.14426457925125,0.361564950090865,-2.85291885950136,-1.43561029900113,3.83977661575144,1.58072922460311,6.72150593986415,1.11909609705835,0.548309907417365,1.6154776076654
83,"Full Laplace, grid","laplace","grid",268,4.90999999999985,-2.14506779263479,0.386214694833169,-2.950646232568,-1.42265136269959,3.83977485944373,1.58073084828027,6.72149816700717,1.11909596086129,0.548310342284567,1.61547680483926
84,"Gaussian","gaussian","eb",377,4.53999999999996,-1.49005878257231,0.22900685701153,-1.93890397452762,-1.04121359061699,3.2161713898221,1.4634593519354,5.40957767575592,0.71821703389992,0.412149998442043,0.980001803720873
84,"Simplified Laplace","simplified.laplace","eb",377,4.10999999999967,-1.4900583940656,0.229007120329361,-1.93890410211438,-1.04121268601683,3.21618853808424,1.4634328492492,5.40965717969894,0.718219051078549,0.412146479127395,0.980008452950526
84,"Full Laplace, eb (main)","laplace","eb",377,4.25,-1.49005880499286,0.229006803437904,-1.93890389194579,-1.04121371803992,3.21616681819203,1.4634667447845,5.4095548554025,0.71821654899078,0.412150660244685,0.980000350960492
84,"Full Laplace, grid","laplace","grid",377,5.34000000000015,-1.47384226668638,0.24376211893512,-1.94948825976311,-0.982017718098569,3.21618613767039,1.46343618211495,5.40964454261693,0.718218838277397,0.412146698898421,0.98000778384406
85,"Gaussian","gaussian","eb",240,4.23999999999978,-1.13022369277526,0.181791885633477,-1.4865292412985,-0.773918144252019,2.38808509931835,1.12762851561258,3.94299859852463,0.603816808581874,0.351002099021607,0.813553068376757
85,"Simplified Laplace","simplified.laplace","eb",240,3.92000000000007,-1.13022367529799,0.181791858381366,-1.48652917040807,-0.773918180187907,2.38808551670818,1.12762819194564,3.94300020583647,0.603816801725634,0.35100196803954,0.813553228166203
85,"Full Laplace, eb (main)","laplace","eb",240,4.36000000000058,-1.1302236732303,0.181791847777984,-1.48652914755814,-0.773918198902469,2.38808413216709,1.12763066509546,3.94299323406906,0.603816778638396,0.351002061384258,0.813553104559801
85,"Full Laplace, grid","laplace","grid",240,4.91000000000076,-1.13802716593948,0.194003683679748,-1.53342535674809,-0.764435547974455,2.38808579736257,1.12762748706943,3.94300188685055,0.6038167731653,0.351002075086934,0.813553057284804
86,"Gaussian","gaussian","eb",359,4.77999999999975,-1.73146013598993,0.242654632160224,-2.20705447570578,-1.25586579627407,3.07149618141635,1.65044830546505,4.7813206004225,0.75098506994173,0.460722512851387,1.00400896901375
86,"Simplified Laplace","simplified.laplace","eb",359,3.97000000000025,-1.73146013598993,0.242654632160224,-2.20705447570578,-1.25586579627407,3.07149618141635,1.65044830546505,4.7813206004225,0.75098506994173,0.460722512851387,1.00400896901375
86,"Full Laplace, eb (main)","laplace","eb",359,4.10999999999967,-1.73146010423133,0.242654607064809,-2.20705439476107,-1.25586581370159,3.07149502076885,1.65045078317691,4.78131452893784,0.750984955166789,0.460722734335021,1.00400859545958
86,"Full Laplace, grid","laplace","grid",359,5.28999999999996,-1.73690852714268,0.261345719049182,-2.27953024758667,-1.24554828895704,3.07148947407117,1.65045999769425,4.78128507468403,0.750984315051174,0.460723647668853,1.00400637970052
87,"Gaussian","gaussian","eb",212,4.02999999999975,-1.55416170229937,0.279074490941991,-2.10113765354952,-1.00718575104922,4.12077190738733,1.68889151702192,7.28165621731549,0.840296223876905,0.441244351278435,1.18653530706071
87,"Simplified Laplace","simplified.laplace","eb",212,3.6899999999996,-1.55416161128671,0.279074434853556,-2.10113745260555,-1.00718576996787,4.12077220678241,1.68889192326479,7.28165618303383,0.840296173274463,0.441244269933912,1.18653538225733
87,"Full Laplace, eb (main)","laplace","eb",212,4.03999999999996,-1.55416170229937,0.279074490941991,-2.10113765354952,-1.00718575104922,4.12077190738733,1.68889151702192,7.28165621731549,0.840296223876905,0.441244351278435,1.18653530706071
87,"Full Laplace, grid","laplace","grid",212,4.8100000000004,-1.57490999571753,0.312225366453914,-2.24339458789226,-1.00872768702695,4.12077363982339,1.68889535737768,7.28166368592729,0.840295514918541,0.441244788251504,1.18653463454422
88,"Gaussian","gaussian","eb",179,4.25,-1.38798507575981,0.206143495043486,-1.79201890169225,-0.983951249827363,3.16979131261691,0.833331631150908,6.47634816761307,0.537039931978775,0.195103155568813,0.806217273832931
88,"Simplified Laplace","simplified.laplace","eb",179,4.10999999999967,-1.38798508672173,0.20614356536636,-1.79201905048447,-0.983951122958984,3.16976534395751,0.833358200494895,6.47621263746724,0.537040415576729,0.195103285187674,0.806218145961295
88,"Full Laplace, eb (main)","laplace","eb",179,4.21000000000004,-1.38798506094994,0.206143396749025,-1.79201869422878,-0.983951427671098,3.16985083888709,0.833270250231833,6.4766590993177,0.537038931848863,0.195102746566401,0.806215441761248
88,"Full Laplace, grid","laplace","grid",179,5.24000000000069,-1.39751975359184,0.21411329542262,-1.821155364163,-0.96999345858696,3.16986172740288,0.833258428354183,6.47671515486707,0.53703896429368,0.195102385200052,0.806215655013137
89,"Gaussian","gaussian","eb",353,4.25,-1.51445517010814,0.202764676326727,-1.91186663304545,-1.11704370717083,3.22629150798334,1.55148210123112,5.29071927033111,0.609273752072427,0.346370898576833,0.831274163101387
89,"Simplified Laplace","simplified.laplace","eb",353,3.9399999999996,-1.51445517183922,0.202764694429415,-1.91186667025714,-1.1170436734213,3.22629233929167,1.55148058315863,5.29072393222434,0.609273859012436,0.346370788523526,0.831274423480309
89,"Full Laplace, eb (main)","laplace","eb",353,4.03000000000065,-1.51445517010814,0.202764676326727,-1.91186663304545,-1.11704370717083,3.22629150798334,1.55148210123112,5.29071927033111,0.609273752072427,0.346370898576833,0.831274163101387
89,"Full Laplace, grid","laplace","grid",353,5.32999999999993,-1.52332973252801,0.213454184617631,-1.95473888676485,-1.10953268911081,3.22629308491053,1.55148012541917,5.29072672196366,0.609273835771429,0.346370678115689,0.831274566754015
90,"Gaussian","gaussian","eb",232,4.16000000000076,-1.2341575849446,0.25447037497742,-1.73291035503275,-0.735404814856456,5.31886454861733,1.77189414136579,10.2204717264732,0.79001897322216,0.392359753464869,1.13301433173965
90,"Simplified Laplace","simplified.laplace","eb",232,4.07999999999993,-1.2341575555528,0.254470348566816,-1.73291027387711,-0.735404837228483,5.31886828659082,1.77189131078564,10.2204890082277,0.79001915307534,0.392359525520507,1.13301494812977
90,"Full Laplace, eb (main)","laplace","eb",232,4.03999999999996,-1.23415756678444,0.254470358960567,-1.73291030548013,-0.73540482808875,5.31887598322933,1.7718837123489,10.2205257020141,0.790019496560115,0.392359083171794,1.13301600395168
90,"Full Laplace, grid","laplace","grid",232,4.5600000000004,-1.23102071594196,0.268102921128978,-1.78012207167411,-0.719923537737578,5.31885806528714,1.77190284391506,10.2204396651678,0.790018651405127,0.392360063480883,1.13301362056721
91,"Gaussian","gaussian","eb",349,4.32999999999993,-1.28839158662806,0.235155503320074,-1.7492879039018,-0.827495269354329,4.96828094863835,1.91628035750604,9.01077670654335,0.793882859913333,0.421936307193474,1.11358557685699
91,"Simplified Laplace","simplified.laplace","eb",349,4.27000000000044,-1.2883916543731,0.235155553681902,-1.7492880703542,-0.827495238391994,4.96827900149075,1.91628155622805,9.01076733566581,0.793882781187996,0.421936375492187,1.11358524988871
91,"Full Laplace, eb (main)","laplace","eb",349,4.09000000000015,-1.28839162135882,0.23515552744923,-1.74928798592483,-0.827495256792808,4.96827885332022,1.91628187463643,9.01076690111473,0.793882713387676,0.421936410904523,1.11358512877687
91,"Full Laplace, grid","laplace","grid",349,4.84000000000015,-1.29822794589178,0.249957452188261,-1.81621319337785,-0.827155065843499,4.96827389059834,1.91628644225931,9.01074391871735,0.793882398393697,0.421936799153669,1.11358410814026
92,"Gaussian","gaussian","eb",243,4.47000000000025,-1.7021145123172,0.255606257837532,-2.20309357190182,-1.20113545273258,3.6685171842135,1.38456979767243,6.67892363382643,0.72808425492856,0.370642261687654,1.03258188850199
92,"Simplified Laplace","simplified.laplace","eb",243,4.35000000000036,-1.70211458584629,0.255606320442989,-2.20309376813535,-1.20113540355723,3.66851082946032,1.38457746532098,6.67889203329969,0.728084074907202,0.370642663217861,1.03258107187037
92,"Full Laplace, eb (main)","laplace","eb",243,4.40999999999985,-1.70211455923062,0.255606284366214,-2.2030936708105,-1.20113544765074,3.6685155647812,1.38457202650976,6.67891473460593,0.728084303146608,0.3706422244431,1.03258197416477
92,"Full Laplace, grid","laplace","grid",243,5.32999999999993,-1.73220431720624,0.282373973032281,-2.33522959135352,-1.21394708205877,3.66851868816602,1.38456843936577,6.67892974960139,0.728084458235808,0.370641887452243,1.03258261805741
93,"Gaussian","gaussian","eb",283,4.30999999999949,-1.42483889769873,0.249443223487395,-1.9137386319216,-0.935939163475864,5.33535868223835,2.21014654771293,9.43259028794368,0.781093735179849,0.406655767867617,1.10896930078162
93,"Simplified Laplace","simplified.laplace","eb",283,3.88999999999942,-1.42483873470544,0.249443087081683,-1.91373820157803,-0.93593926783285,5.33535976547828,2.2101478325773,9.43259480827345,0.781093665241718,0.406655783205346,1.10896946239735
93,"Full Laplace, eb (main)","laplace","eb",283,4.28000000000065,-1.42483873470544,0.249443087081683,-1.91373820157803,-0.93593926783285,5.33535976547828,2.2101478325773,9.43259480827345,0.781093665241718,0.406655783205346,1.10896946239735
93,"Full Laplace, grid","laplace","grid",283,4.73000000000047,-1.43989294428234,0.264811514277579,-1.98645719294767,-0.938603094872127,5.33535976547828,2.2101478325773,9.43259480827345,0.781093665241718,0.406655783205346,1.10896946239735
94,"Gaussian","gaussian","eb",329,4.40999999999985,-1.54683666755767,0.219694391270807,-1.97742976205391,-1.11624357306144,2.34789264343862,1.28166075193173,3.61748932641796,0.719439697000431,0.472389856510982,0.934254030445077
94,"Simplified Laplace","simplified.laplace","eb",329,4.32999999999993,-1.54683663735762,0.219694391024428,-1.97742973137096,-1.11624354334428,2.3478931216107,1.28166006946794,3.61749094936809,0.719439703492582,0.472389702716323,0.934254215045086
94,"Full Laplace, eb (main)","laplace","eb",329,4.38999999999942,-1.5468366348759,0.219694371111577,-1.97742968986076,-1.11624357989103,2.34789334127785,1.28165979124399,3.61749228293424,0.719439753972107,0.472389604126386,0.934254412486626
94,"Full Laplace, grid","laplace","grid",329,5.01999999999953,-1.55417538447065,0.231873507901212,-2.02383068268527,-1.10703541661393,2.34789264343862,1.28166075193173,3.61748932641796,0.719439697000431,0.472389856510982,0.934254030445077
95,"Gaussian","gaussian","eb",442,4.22000000000025,-1.62258915636028,0.234139241346705,-2.08149363676735,-1.1636846759532,3.93940299312489,2.06257905620159,6.21785397797176,0.742817438131232,0.451827088094883,0.999195529124136
95,"Simplified Laplace","simplified.laplace","eb",442,4.14000000000033,-1.62258919039718,0.234139244868473,-2.08149367770679,-1.16368470308757,3.93940170360314,2.06258074446012,6.2178492936592,0.742817376976604,0.451827367947496,0.999195168333149
95,"Full Laplace, eb (main)","laplace","eb",442,3.89000000000033,-1.62258915636028,0.234139241346705,-2.08149363676735,-1.1636846759532,3.93940299312489,2.06257905620159,6.21785397797176,0.742817438131232,0.451827088094883,0.999195529124136
95,"Full Laplace, grid","laplace","grid",442,5.21999999999935,-1.62522322466219,0.243472281156966,-2.10776672103251,-1.1460975598607,3.93940181853271,2.06258069725899,6.21784853781818,0.742817306177461,0.4518273199888,0.999195060793668
96,"Gaussian","gaussian","eb",234,4.03999999999996,-1.55128893312986,0.17175657843756,-1.8879256409753,-1.21465222528441,3.24470251379171,0.559611161611561,7.69545284401384,0.36781464165597,0.118787758601927,0.554154141599967
96,"Simplified Laplace","simplified.laplace","eb",234,4.03999999999996,-1.55128893312986,0.17175657843756,-1.8879256409753,-1.21465222528441,3.24470251379171,0.559611161611561,7.69545284401384,0.36781464165597,0.118787758601927,0.554154141599967
96,"Full Laplace, eb (main)","laplace","eb",234,3.77000000000044,-1.55128899604865,0.171756562418309,-1.88792567249694,-1.21465231960036,3.24470785585784,0.559610051941111,7.69548203846464,0.367814639492313,0.118788168089721,0.554153708434382
96,"Full Laplace, grid","laplace","grid",234,5.17000000000007,-1.53945125619375,0.173672910016777,-1.89094839396635,-1.20306968314698,3.24470108823521,0.559610688166309,7.69544354242832,0.367814618536611,0.118787305426333,0.554154867439631
97,"Gaussian","gaussian","eb",202,4.34999999999945,-1.51396544954558,0.246978193183802,-1.99803381315261,-1.02989708593855,3.23353007837318,1.40793844953662,5.54632281282812,0.682738979548839,0.391263542020359,0.929395363431438
97,"Simplified Laplace","simplified.laplace","eb",202,4.23000000000047,-1.51396544954558,0.246978193183802,-1.99803381315261,-1.02989708593855,3.23353007837318,1.40793844953662,5.54632281282812,0.682738979548839,0.391263542020359,0.929395363431438
97,"Full Laplace, eb (main)","laplace","eb",202,4.36999999999989,-1.51396541634509,0.246978223683179,-1.9980338397298,-1.02989699296038,3.23352990724472,1.40793813218138,5.54632212300867,0.682739006227458,0.39126352937266,0.929395373400633
97,"Full Laplace, grid","laplace","grid",202,5.35999999999967,-1.50797366900514,0.259108157952242,-2.0093448009878,-0.986516610835328,3.23352977393362,1.40793855712078,5.54632086149681,0.682738976958276,0.391263528070558,0.929395363149712
98,"Gaussian","gaussian","eb",316,4.40000000000055,-1.33071093200214,0.247102062855615,-1.81502207570469,-0.846399788299578,2.90908113273716,1.57287428513704,4.51735324210336,0.880400649157246,0.576178737325359,1.14969959042552
98,"Simplified Laplace","simplified.laplace","eb",316,4.17000000000007,-1.330710869093,0.247101959880459,-1.81502181096796,-0.846399927218036,2.90908225029334,1.57287333127536,4.51735844656021,0.880400691046331,0.57617852981549,1.14970003519433
98,"Full Laplace, eb (main)","laplace","eb",316,4.5,-1.33071103870098,0.247102259308717,-1.81502256744454,-0.846399509957417,2.90908224242404,1.57287160667768,4.51735688071203,0.880400990972935,0.576177971301491,1.14970065465409
98,"Full Laplace, grid","laplace","grid",316,5.4399999999996,-1.33665579958862,0.263110337585154,-1.87094212416585,-0.829146258129971,2.9090815899244,1.57287460481329,4.51735526965359,0.880400544077668,0.576178752841878,1.14969959798763
99,"Gaussian","gaussian","eb",301,4.25,-2.09896556563697,0.33942689645848,-2.76423005807979,-1.43370107319414,4.13272167875754,1.81053368462079,7.07785030662415,1.05677890617269,0.519629387436984,1.52658753692943
99,"Simplified Laplace","simplified.laplace","eb",301,4.38000000000011,-2.09896641159051,0.339427304478312,-2.76423170373752,-1.43370111944351,4.13271967640907,1.81053285548657,7.07784335247371,1.05677934246595,0.519629314661907,1.52658768140804
99,"Full Laplace, eb (main)","laplace","eb",301,4.23000000000047,-2.09896536527802,0.339426784541548,-2.76422963836769,-1.43370109218835,4.13272695199241,1.81052847092317,7.07787473105139,1.05677990816687,0.519628114389136,1.52659092114212
99,"Full Laplace, grid","laplace","grid",301,5.05000000000018,-2.10272948790337,0.368533848886345,-2.87919597623044,-1.42237931663855,4.13272225482093,1.81053498201456,7.07785520159945,1.05677885233616,0.519629959003263,1.5265876637157
100,"Gaussian","gaussian","eb",311,3.89000000000033,-1.58449102152895,0.233373166017487,-2.04189402188131,-1.12708802117659,4.76938696597657,2.02081123634141,8.30365497808883,0.675297685078462,0.344090386858416,0.959582569372046
100,"Simplified Laplace","simplified.laplace","eb",311,4.03000000000065,-1.58449108552302,0.233373221201802,-2.04189419403465,-1.12708797701139,4.76938682722319,2.02081079265556,8.30365316690894,0.675297769767964,0.344090252178531,0.959582734920857
100,"Full Laplace, eb (main)","laplace","eb",311,3.80000000000018,-1.58449104871246,0.233373187228053,-2.04189409063676,-1.12708800678815,4.76938628224047,2.0208119328373,8.30365122267085,0.675297685889895,0.344090399096611,0.959582517725315
100,"Full Laplace, grid","laplace","grid",311,4.77999999999975,-1.57911679026668,0.250251581802502,-2.09777665674667,-1.10932171652046,4.76938682722319,2.02081079265556,8.30365316690894,0.675297769767964,0.344090252178531,0.959582734920857
