"rep","mesh_cfg","mesh_n","n_enc","elapsed","beta1_mean","beta1_sd","beta1_lo","beta1_hi","range_mean","range_lo","range_hi","sigma_mean","sigma_lo","sigma_hi"
1,"Coarse",621,262,1.71000000000004,-2.01586832677173,0.235799784370118,-2.47802741169947,-1.55370924184399,6.6030718694605,1.73373533963076,13.9637886620693,0.846342184856702,0.348320344139671,1.28046964305919
1,"Standard (main study)",2340,262,4.53000000000065,-1.91740259411822,0.251345702124939,-2.41003111795203,-1.42477407028441,2.92590372758068,1.19347971255989,5.24196486097108,0.80264007851182,0.48395778182292,1.0699985612207
1,"Fine + extended boundary",9230,262,22.8599999999997,-1.90257428552346,0.248317930026948,-2.38926848509181,-1.4158800859551,1.69230101208487,0.920149640904357,2.62403828075093,0.879678929877874,0.608796535958043,1.11016882864739
2,"Coarse",621,356,1.59000000000015,-3.11084789820086,0.307939025296417,-3.7143972972162,-2.50729849918551,6.16067869401705,2.32936542312494,11.2985526735803,1.30499408423278,0.477261409829459,2.05094137558986
2,"Standard (main study)",2340,356,4.36000000000058,-2.80221039551836,0.316238244660461,-3.42202596558703,-2.18239482544969,4.2505799690105,1.85153395726423,7.35392705216149,1.14101173737451,0.556468999155202,1.66282847760144
2,"Fine + extended boundary",9230,356,21.54,-2.67979511004003,0.324253898529762,-3.31532107300507,-2.04426914707499,3.36768873928527,1.5342554028765,5.73193937558019,1.10428846420405,0.610813175460688,1.54599776498368
3,"Coarse",621,475,1.47000000000025,-3.8258237124924,0.369467349755376,-4.54996641147641,-3.1016810135084,3.54153681527841,1.6663818779773,5.90785574479323,1.20583070503103,0.588777307777917,1.75849902823381
3,"Standard (main study)",2340,475,4.32999999999993,-3.07219698361573,0.351998325922993,-3.76210102504319,-2.38229294218828,2.35453546223554,1.41689780701643,3.45128544339125,1.07506892722888,0.705486269615839,1.40741058690812
3,"Fine + extended boundary",9230,475,20.7599999999993,-2.91259324044454,0.352250878375458,-3.60299227558304,-2.22219420530604,1.88936286474091,1.20706674566713,2.67069100757169,1.10709264662441,0.776785575713199,1.40453094401629
4,"Coarse",621,308,1.72999999999956,-3.2062534020151,0.36335928071985,-3.91842450567438,-2.49408229835581,5.64796107915979,2.48566188851364,9.66214937545018,1.51899242964776,0.634572642834545,2.30268615734607
4,"Standard (main study)",2340,308,4.52999999999975,-2.802582417965,0.370961903228292,-3.52965438792888,-2.07551044800111,4.16258898637482,1.98132964565723,6.88539911163102,1.38302786825608,0.705394179826315,1.98436302916283
4,"Fine + extended boundary",9230,308,20.5899999999992,-2.71183768178431,0.382103134859098,-3.46074606448799,-1.96292929908063,3.41117810669403,1.63461261513792,5.63729686892766,1.35846610759509,0.754722381123457,1.89646283189803
5,"Coarse",621,293,1.73999999999978,-1.93910142483323,0.25843402929119,-2.44562281462353,-1.43258003504292,2.80591205385507,1.48081098074908,4.40014773671824,0.856980519304378,0.526294814488255,1.14832893467202
5,"Standard (main study)",2340,293,4.43000000000029,-1.84029242355905,0.270819881267781,-2.37108963714132,-1.30949520997679,2.39763043879086,1.36605567659584,3.61846927811765,0.959679378727184,0.624038027182094,1.25766215605772
5,"Fine + extended boundary",9230,293,22.1500000000005,-1.85862916980718,0.270883405104052,-2.3895508878207,-1.32770745179367,1.89464340170291,1.11890800632898,2.80255395805095,1.00332911339679,0.70192465949936,1.27055921393758
6,"Coarse",621,227,1.80000000000018,-2.28865471805757,0.236700146457017,-2.75257848024868,-1.82473095586646,3.42539788406568,1.32160793680655,6.15187757821628,0.607029944241035,0.285912167166406,0.876268832259828
6,"Standard (main study)",2340,227,4.3100000000004,-2.20710884059675,0.248776205359951,-2.69470124331279,-1.7195164378807,2.60645290104231,1.1833028345397,4.37493472900939,0.676155570090596,0.365678575223975,0.936449726256099
6,"Fine + extended boundary",9230,227,21.3400000000001,-2.19646993739888,0.256983640855872,-2.70014861809237,-1.69279125670539,2.13604248098517,1.01558456075341,3.51218327953179,0.72765989224456,0.42280865112146,0.981859777737334
7,"Coarse",621,437,1.55000000000018,-3.17604170649768,0.301888230194907,-3.76773176503623,-2.58435164795912,3.71572047715222,1.68195729019889,6.28726468735581,0.984960580408621,0.506959378164831,1.40871118756263
7,"Standard (main study)",2340,437,4.53999999999996,-2.73234291175506,0.2995577714036,-3.31946535499519,-2.14522046851492,2.89192689549514,1.52437114006794,4.55582717577087,0.962982940236907,0.580154777603952,1.30467150607735
7,"Fine + extended boundary",9230,437,22.9400000000005,-2.6512769682781,0.30118893543597,-3.24159643427456,-2.06095750228164,2.3377170915473,1.29212324622789,3.59588844289871,0.962122117837066,0.626964950486579,1.26253695498546
8,"Coarse",621,354,1.67999999999938,-2.74074570485454,0.270360600334702,-3.27064274434918,-2.2108486653599,3.27581627482489,1.56180829174133,5.40363310827489,0.809133569498632,0.44671237296522,1.12552354467024
8,"Standard (main study)",2340,354,4.14999999999964,-2.486389444447,0.277235125447974,-3.02976030557448,-1.94301858331953,2.48093074388847,1.36849445744245,3.80711567373576,0.84169012415839,0.531533740817434,1.11403633651846
8,"Fine + extended boundary",9230,354,22.75,-2.4263043571105,0.2810458161097,-2.97714403469118,-1.87546467952983,1.97599598345717,1.1442344209366,2.95433846358134,0.879317257683799,0.597208352960471,1.12762950193873
9,"Coarse",621,354,1.64999999999964,-3.95806115513993,0.436097674018782,-4.81279688995843,-3.10332542032142,5.76211081283574,2.46892802630761,9.9100222844918,1.96391048118997,0.702678716565215,3.07081788778746
9,"Standard (main study)",2340,354,4.44000000000051,-2.87944964108538,0.393695744205385,-3.65107912059463,-2.10782016157614,3.62353236688898,1.90550818956708,5.71270323530616,1.42891757426497,0.787614337659035,2.00016860304827
9,"Fine + extended boundary",9230,354,20.1999999999998,-2.70132160093039,0.398685117795565,-3.48273007298181,-1.91991312887897,2.90042146085353,1.61361380187973,4.44389042691493,1.40932900376567,0.857255990739868,1.90280217793681
10,"Coarse",621,157,1.46000000000004,-1.79601153683502,0.245782592210449,-2.2777365655944,-1.31428650807565,4.50026806602314,1.48678611936949,8.5773413362414,0.730079476783281,0.314209430396339,1.07151173880257
10,"Standard (main study)",2340,157,4.15999999999985,-1.75291195687983,0.25901271221627,-2.26056754436175,-1.2452563693979,2.99505366586766,1.21558413220668,5.2823146983007,0.793613083043214,0.414589271770757,1.10352407871717
10,"Fine + extended boundary",9230,157,22.3800000000001,-1.71025147886893,0.262387179541622,-2.22452090077555,-1.1959820569623,2.18978609865374,0.954733340583331,3.74939380659947,0.858318408955094,0.501627682750777,1.14945284384585
11,"Coarse",621,209,1.76999999999953,-1.84563881494058,0.228221323408682,-2.29294438932567,-1.3983332405555,2.35846829389182,1.12456363961721,3.85815224042772,0.647503178975189,0.358321903159391,0.889015448844426
11,"Standard (main study)",2340,209,4.60999999999967,-1.83102085623374,0.248398650176671,-2.31787326438838,-1.3441684480791,2.00154951019231,1.08778552618963,3.07921119986787,0.796179320755714,0.481721433295226,1.0642055477969
11,"Fine + extended boundary",9230,209,24.6300000000001,-1.87074335166849,0.255900309568999,-2.37229874205638,-1.3691879612806,1.62980977059177,0.911930944400555,2.46959138623956,0.878097922043518,0.572152605867313,1.13927991032961
12,"Coarse",621,502,1.75,-2.62941991148577,0.265686702320622,-3.15015627920541,-2.10868354376614,5.89155779581597,2.43932399629619,10.3579096114168,1.15515742835661,0.475538241246666,1.75848559718499
12,"Standard (main study)",2340,502,3.88999999999942,-2.3441729852822,0.276564583689184,-2.88622960871232,-1.80211636185209,4.49527707714881,1.94719644299835,7.76794816007952,1.10776814242626,0.530643417369712,1.6203692505863
12,"Fine + extended boundary",9230,502,20.7200000000003,-2.29762292409732,0.285918234168379,-2.85801236559064,-1.73723348260401,3.47235938967737,1.50644025713811,6.00909213595467,1.07920710110955,0.580271579062713,1.52280626434315
13,"Coarse",621,236,1.76000000000022,-1.62447026510618,0.250678838782361,-2.11579176080593,-1.13314876940643,4.79184106746622,1.77867669631903,8.77183819603099,0.931268589591338,0.403288922750591,1.38899363519677
13,"Standard (main study)",2340,236,4,-1.63835483714514,0.264695401388351,-2.15714829073968,-1.1195613835506,3.33229531799391,1.41084243296751,5.78984454783214,0.958514808747897,0.513329000024231,1.34207635232147
13,"Fine + extended boundary",9230,236,22.1599999999999,-1.66682470984715,0.263612960748667,-2.18349661877251,-1.15015280092179,2.4724034272272,1.1459366727217,4.14882476802788,0.966400647606884,0.590479916147322,1.28988975674882
14,"Coarse",621,193,1.46000000000004,-1.96399761444429,0.22049631037516,-2.39616244150357,-1.53183278738501,3.43233088959869,0.763756567299689,7.61569110672189,0.558585709886538,0.259781803093884,0.801331185890146
14,"Standard (main study)",2340,193,4.78999999999996,-1.87944593649285,0.229966361524502,-2.33017172273659,-1.42872015024911,1.60734252111818,0.823655235375885,2.55060546257868,0.70181894556151,0.418753178531045,0.933259627889048
14,"Fine + extended boundary",9230,193,28.6400000000003,-1.85481725709478,0.234193800139632,-2.31382867077103,-1.39580584341853,1.2391529781372,0.726821109919157,1.82938140694894,0.827170423014123,0.542358836312256,1.06549850989852
15,"Coarse",621,260,1.42999999999938,-2.09854203009117,0.244750816372646,-2.57824481536834,-1.61883924481401,3.43117329635652,1.53458891131036,5.83693853927355,0.755703389410894,0.392886927323298,1.07013665694981
15,"Standard (main study)",2340,260,4.76000000000022,-2.02441368288356,0.258336252841151,-2.53074343435325,-1.51808393141387,2.51472058283541,1.28089846036494,4.02068146246923,0.829671676352167,0.492810540366566,1.12184975869945
15,"Fine + extended boundary",9230,260,22.4899999999998,-2.01194915807103,0.261882701772381,-2.52522982171894,-1.49866849442312,1.95699341087607,1.05098281165441,3.04169548434586,0.876790753629834,0.570119123406272,1.14248459744643
16,"Coarse",621,257,1.5600000000004,-2.43127797348886,0.301822304860857,-3.02283882074701,-1.83971712623071,4.01577997925097,1.61996044973583,7.12314731825115,1.07077011125979,0.480900811169497,1.59023493762398
16,"Standard (main study)",2340,257,4.42000000000007,-2.22641343478339,0.306412747852662,-2.82697138497856,-1.62585548458822,2.88387173538578,1.43731129169432,4.65900289945221,1.0512891276327,0.607624415349571,1.44221620550072
16,"Fine + extended boundary",9230,257,21.6100000000006,-2.16115458293485,0.305906193255323,-2.76071970436303,-1.56158946150666,2.23315049235738,1.18841604951125,3.4904075082887,1.06160632754275,0.683986533724039,1.39351215920152
17,"Coarse",621,296,1.64999999999964,-2.31840152911584,0.274097941570416,-2.85562362283042,-1.78117943540126,3.77264463337464,1.5979972749786,6.58014199687948,0.941151793666104,0.45599985192748,1.37136236315973
17,"Standard (main study)",2340,296,4.10999999999967,-2.02605168358721,0.269418360235362,-2.55410196642236,-1.49800140075207,2.84876886127145,1.44753677055214,4.56207016555204,0.916521890454542,0.543909085719665,1.24578397871745
17,"Fine + extended boundary",9230,296,20.7700000000004,-1.94822643935266,0.267288911488237,-2.47210307933651,-1.4243497993688,2.34603167750016,1.22901293009984,3.70015487896875,0.924744142102291,0.593729654698642,1.21685865799839
18,"Coarse",621,371,1.67000000000007,-2.35216974692335,0.327132988218471,-2.99333862198652,-1.71100087186018,5.51689881915747,2.555813175992,9.27125217630964,1.37385324157003,0.682912515523717,1.99128391247339
18,"Standard (main study)",2340,371,4.60999999999967,-2.14892428635634,0.347637906869809,-2.83028206348205,-1.46756650923062,4.0436005994117,2.06854056600957,6.47286917798461,1.35773231936086,0.768864831750801,1.88295783911183
18,"Fine + extended boundary",9230,371,20.6900000000005,-2.15694188755718,0.357445815673979,-2.85752281270272,-1.45636096241164,3.15073833126991,1.66914363852942,4.96257206954208,1.35356143133044,0.829775250694799,1.82283643997469
19,"Coarse",621,325,1.79999999999927,-2.23050849459463,0.255593010744599,-2.73146159035421,-1.72955539883506,3.26984745837554,1.56239881472749,5.37658947332376,0.841929695686932,0.460476774279534,1.17546397815202
19,"Standard (main study)",2340,325,4.51000000000022,-2.0932413837204,0.258414307950308,-2.59972412039285,-1.58675864704796,2.38367609233965,1.29710528210447,3.6794505812765,0.871733429494654,0.555527644527124,1.14948426323208
19,"Fine + extended boundary",9230,325,21.2600000000002,-2.0702875056222,0.255618083125452,-2.57128974234525,-1.56928526889914,1.80942065187841,1.02790638959129,2.72827744162698,0.904273595772141,0.626724371960648,1.14745721849413
20,"Coarse",621,279,1.65999999999985,-2.14609992943223,0.246439813826085,-2.62911308888811,-1.66308676997634,3.67351100725784,1.63645603051773,6.26392173061697,0.802559064672127,0.4170406696676,1.13873352631633
20,"Standard (main study)",2340,279,4.52000000000044,-2.00963673498667,0.252522861392429,-2.50457244858883,-1.51470102138451,2.73481990493548,1.38773927372007,4.38653023753478,0.837019256962385,0.504675541420799,1.12530971714524
20,"Fine + extended boundary",9230,279,22.9300000000003,-1.97497916171346,0.254583950634217,-2.47395453599845,-1.47600378742847,2.17057527167168,1.1571145906934,3.39769291883352,0.87360423978092,0.568956938014559,1.13649929125938
21,"Coarse",621,223,1.75,-2.17827032925259,0.233526027380716,-2.63597293237151,-1.72056772613367,2.52769146340852,1.03077132724218,4.44096664144349,0.611828984287976,0.314166749947655,0.864310955337896
21,"Standard (main study)",2340,223,4.5600000000004,-2.12945629244652,0.248100835917967,-2.61572499538002,-1.64318758951302,1.99330492162209,1.00091868447642,3.19736727345863,0.714763747038327,0.4270443541329,0.961486325294463
21,"Fine + extended boundary",9230,223,21.8299999999999,-2.11899675549585,0.250948856315731,-2.6108474758362,-1.6271460351555,1.61230806426478,0.858235980584809,2.51222803614961,0.765627127345373,0.497070627718233,0.99559278245418
22,"Coarse",621,346,1.57999999999993,-2.54336786239182,0.280525775799042,-3.0931882796931,-1.99354744509054,3.13089863201319,1.55759715049187,5.06433430285579,0.907826317733436,0.506320002720103,1.26270968763287
22,"Standard (main study)",2340,346,4.40999999999985,-2.29269264879545,0.282673186720286,-2.84672191416238,-1.73866338342852,2.35376454437548,1.35991920545762,3.52836044182599,0.941394433363021,0.609456544916417,1.2372724904657
22,"Fine + extended boundary",9230,346,21.7299999999996,-2.22876809578301,0.281845738119216,-2.78117559169278,-1.67636059987324,1.86561229972099,1.13077124527777,2.71697525465819,0.978249957989678,0.679578047641506,1.24360517836397
23,"Coarse",621,211,1.64000000000033,-1.82663391819122,0.288751069962338,-2.3925756158148,-1.26069222056763,5.05656352820413,2.16243991158875,8.78499947681548,1.06496774939512,0.532251439823635,1.53392349277193
23,"Standard (main study)",2340,211,3.73000000000047,-1.80124884278673,0.300372076024179,-2.38996729375565,-1.21253039181781,3.73018709809157,1.66021190781233,6.35405535231778,1.06260478312009,0.605686292083326,1.46105060552148
23,"Fine + extended boundary",9230,211,23.8500000000004,-1.81736107028446,0.299747317118446,-2.40485501629912,-1.2298671242698,2.81711684260259,1.26015338885733,4.79722149625659,1.05507121070846,0.66642090993363,1.39286990091831
24,"Coarse",621,362,1.5,-2.14717733815532,0.233227383403658,-2.60429460983501,-1.69006006647564,4.97128671737669,1.96731162335748,8.93306595821465,0.832037731178297,0.379922547167682,1.23134584693015
24,"Standard (main study)",2340,362,4.01999999999953,-2.05054759977386,0.24358406201217,-2.52796358852569,-1.57313161102204,3.84799732172761,1.6511743275136,6.67309159649014,0.835865496084376,0.444553958579642,1.17778082179013
24,"Fine + extended boundary",9230,362,19.8800000000001,-2.06266921065139,0.250205506692816,-2.55306299250291,-1.57227542879988,3.04627851035479,1.32124433150432,5.26288802038922,0.833413898277748,0.490041366047475,1.13142632741224
25,"Coarse",621,394,1.80000000000018,-3.11133067188323,0.303726856694441,-3.7066243721419,-2.51603697162457,3.50393607920516,1.54519452453918,6.00665459667268,1.02495797974918,0.479147939295313,1.50924704627055
25,"Standard (main study)",2340,394,4.44000000000051,-2.67784222484993,0.30194600238131,-3.26964551479315,-2.08603893490672,2.41963866580381,1.36703772226701,3.66616203757752,0.984490542907043,0.61384764851013,1.31305794185579
25,"Fine + extended boundary",9230,394,21.0699999999997,-2.55156314922218,0.301021058517296,-3.14155358250421,-1.96157271594016,1.89814626226151,1.15305319260508,2.76219581033522,1.01573936871918,0.696322070190651,1.30057441283017
26,"Coarse",621,417,1.5600000000004,-2.9951231127847,0.335687750926169,-3.65305901465124,-2.33718721091816,4.09963922683908,1.98214487718124,6.76696880651135,1.17858699384095,0.6137665804616,1.6863098020973
26,"Standard (main study)",2340,417,4.22999999999956,-2.56633307990629,0.340313214536631,-3.23333472386114,-1.89933143595144,2.78498105221377,1.58551885905657,4.21809063110679,1.12966982898413,0.715300517864571,1.50197943059554
26,"Fine + extended boundary",9230,417,21.3299999999999,-2.47388072221128,0.34145735937103,-3.14312484883465,-1.80463659558792,2.17436741935105,1.31600544094442,3.17822475082379,1.14669674462093,0.784605212900119,1.47190937041766
27,"Coarse",621,229,1.57999999999993,-2.32641660171898,0.345250632722526,-3.0030954074948,-1.64973779594316,5.14240761079391,2.08695760638663,9.07616757647337,1.35170675344236,0.593394081305931,2.0194166846927
27,"Standard (main study)",2340,229,4.59000000000015,-2.1325122426571,0.347595705388595,-2.81378730639954,-1.45123717891466,3.87917039284426,1.72324314070391,6.62412926659379,1.28256131496192,0.670110866835458,1.8271575564057
27,"Fine + extended boundary",9230,229,23.0799999999999,-2.0706063776656,0.343419104435701,-2.74369545396257,-1.39751730136862,3.13994439158778,1.43228724853537,5.32246879170554,1.23422781449792,0.721684035742053,1.69276269375625
28,"Coarse",621,252,1.51000000000022,-1.80416330487247,0.276259166300482,-2.34562132122048,-1.26270528852446,5.84171533239204,2.32120893890108,10.484694672215,1.11876318226563,0.514047920845145,1.65716237356607
28,"Standard (main study)",2340,252,4.32999999999993,-1.65662351132157,0.280934639067279,-2.20724528590319,-1.10600173673994,4.64286581703131,1.94583154358591,8.12983669790282,1.09347434105316,0.558064559286868,1.56687158656362
28,"Fine + extended boundary",9230,252,19.0100000000002,-1.63896546883872,0.281267800714159,-2.19024022824926,-1.08769070942818,4.00805485169826,1.60111598906814,7.14802689162241,1.08326806783047,0.572716333975939,1.53302608442255
29,"Coarse",621,176,1.69000000000051,-2.34053938144572,0.31894448824851,-2.96565909148036,-1.71541967141109,3.67881811497677,1.41798134524695,6.61785128502468,0.992953639896389,0.458386308953667,1.45490375300613
29,"Standard (main study)",2340,176,4.02000000000044,-2.22097785497361,0.33529661014359,-2.87814713499342,-1.56380857495381,2.90058984154808,1.33638029127672,4.85340246999617,1.06443723006789,0.576352209287854,1.48835218764854
29,"Fine + extended boundary",9230,176,21.4800000000005,-2.20331648050991,0.339626257501155,-2.8689717134163,-1.53766124760352,2.36502302234644,1.14357729282295,3.8717740592677,1.08800534250254,0.644859046419915,1.47215948910394
30,"Coarse",621,286,1.73999999999978,-3.54651035455955,0.407940066327357,-4.34605819241205,-2.74696251670705,7.05363141518409,3.03707651632198,12.1736307881207,1.96420112607681,0.796695456030157,2.9981627682844
30,"Standard (main study)",2340,286,4.64000000000033,-2.9772084374899,0.415009500433035,-3.79061211158061,-2.16380476339919,4.15499566770181,1.99389420331681,6.81771054064865,1.58970898220453,0.850386870200081,2.23943116409647
30,"Fine + extended boundary",9230,286,23.4800000000005,-2.70883207247084,0.408876452787294,-3.51021519406043,-1.90744895088125,3.01180610291714,1.48690914930584,4.90795300050144,1.50406670977793,0.908323678956952,2.03675778689043
31,"Coarse",621,325,1.63000000000011,-3.48287106596216,0.413790776601854,-4.29388608523665,-2.67185604668766,4.74893771092277,1.93494112237418,8.41553963711214,1.56604516792086,0.619999111193096,2.41127215637659
31,"Standard (main study)",2340,325,4.57999999999993,-2.71791422878578,0.386501939472022,-3.47544411010583,-1.96038434746574,3.22521497820273,1.67907412173572,5.11991975950276,1.28445223100413,0.735826636396705,1.7759548375137
31,"Fine + extended boundary",9230,325,21.5099999999993,-2.55530130588587,0.385026483292956,-3.30993934623418,-1.80066326553756,2.61735984295675,1.44048050737727,4.03388566510722,1.26894858946876,0.791013986558021,1.69658595583735
32,"Coarse",621,182,1.60000000000036,-1.96768219236983,0.256903269191578,-2.47120334749592,-1.46416103724374,3.00153637886158,1.17744044411306,5.37537466292796,0.777528021249045,0.373027305455764,1.12140005853846
32,"Standard (main study)",2340,182,4.6899999999996,-1.934320285821,0.274761726830844,-2.47284337473948,-1.39579719690251,2.22301508018018,1.10495075595387,3.59049191908955,0.896941914794565,0.517369136575625,1.22164989216796
32,"Fine + extended boundary",9230,182,22.75,-1.91006139064421,0.278279862803753,-2.45547989936231,-1.36464288192611,1.74193288035343,0.928522535341648,2.71486801468937,0.972191147019688,0.618497166479641,1.27334916675634
33,"Coarse",621,217,1.56999999999971,-1.99432428653367,0.263895973730859,-2.51155089071128,-1.47709768235605,3.28555941388636,1.50520532340103,5.50785689797639,0.844942305199069,0.449229176372125,1.18794426957251
33,"Standard (main study)",2340,217,4.27999999999884,-1.9249522862647,0.275081641048327,-2.4641023955276,-1.3858021770018,2.54693481621415,1.31737556683145,4.03184326347006,0.910740912473791,0.551252411401668,1.22235477152455
33,"Fine + extended boundary",9230,217,20.4600000000009,-1.89599652194318,0.276683948384961,-2.43828709587805,-1.35370594800832,2.06532942223556,1.09982828798647,3.22258297969593,0.953606083695816,0.62014267258851,1.24153917464071
34,"Coarse",621,426,1.76000000000022,-3.40429834746959,0.351719390566016,-4.09365568564336,-2.71494100929583,5.95685538987199,2.46166518017121,10.4291628382137,1.62363065848497,0.62011703741244,2.50932033997464
34,"Standard (main study)",2340,426,4.52000000000044,-2.6490206205332,0.326361885984498,-3.28867816298938,-2.00936307807702,3.23876019678795,1.74012509185414,5.048929822437,1.19208466609074,0.703969349340547,1.62840275216303
34,"Fine + extended boundary",9230,426,22.4699999999993,-2.43481924981827,0.315606804228006,-3.05339721938095,-1.81624128025559,2.42752326769482,1.40421869185198,3.63939300177628,1.14169465340805,0.761422432595339,1.48376902041955
35,"Coarse",621,144,1.67000000000007,-1.70593829951998,0.21873819517716,-2.13465728411051,-1.27721931492946,4.9937283801819,0.834564187057016,11.8077052774022,0.541844423129377,0.22458757270463,0.795967890487394
35,"Standard (main study)",2340,144,4.3799999999992,-1.58074733407784,0.220809094102694,-2.01352520597803,-1.14796946217764,2.01926610469406,0.84852090890163,3.54478004925893,0.644229991632121,0.350544994793003,0.877857139558301
35,"Fine + extended boundary",9230,144,21.0900000000001,-1.53660990114602,0.22161152996979,-1.97096051844563,-1.10225928384641,1.36681775100496,0.711678868763007,2.1598487485901,0.775992607544683,0.474450430545422,1.02083472151462
36,"Coarse",621,228,1.71999999999935,-2.03850437507753,0.313670616897101,-2.6532874872043,-1.42372126295075,5.58289337580153,2.37544036504936,9.70882875583585,1.20788412996634,0.596358958352587,1.74894261288322
36,"Standard (main study)",2340,228,4.31000000000131,-1.77092914097427,0.310702169957391,-2.3798942040092,-1.16196407793934,3.75497932674605,1.76331529767258,6.23805668254542,1.12314633093697,0.665490265808521,1.52570371722295
36,"Fine + extended boundary",9230,228,20.5,-1.68485681549097,0.304292969038345,-2.28126007555489,-1.08845355542705,2.83937897923671,1.34183225316466,4.70989675541451,1.10683576647407,0.720143248600386,1.44549191010767
37,"Coarse",621,346,1.57999999999993,-2.73888218201569,0.294062172158669,-3.3152334486623,-2.16253091536908,3.11084389447577,1.60012952228681,4.94014722156803,0.918615086766872,0.527829960432474,1.26122655661539
37,"Standard (main study)",2340,346,4.17000000000007,-2.52075917777647,0.300944001763757,-3.1105985825968,-1.93091977295615,2.51664086741932,1.44059783523396,3.78677069243279,0.960719087659014,0.610472923823257,1.27041922022885
37,"Fine + extended boundary",9230,346,21.4600000000009,-2.51871190019048,0.307978537570601,-3.12233874184017,-1.91508505854079,1.99412919436634,1.20050300048781,2.91576051848685,1.00061231710976,0.684866029233005,1.28046751176949
38,"Coarse",621,153,1.64000000000124,-2.04323920981365,0.264951850378865,-2.56253529419347,-1.52394312543383,6.31318205078588,1.71930392746811,12.943409494457,0.828081342459425,0.294709558046015,1.27815818208384
38,"Standard (main study)",2340,153,4.17000000000007,-2.06290167460107,0.281450896375816,-2.61453529491418,-1.51126805428795,4.5554231791241,1.36909115478216,9.00365863275237,0.834972349272259,0.358235257159086,1.22939445238782
38,"Fine + extended boundary",9230,153,21.5,-2.08738476815682,0.290623688549192,-2.65699673076742,-1.51777280554622,3.79520672178748,1.09782431218871,7.65076057822023,0.851120497697744,0.400882954171221,1.22289359552391
39,"Coarse",621,220,1.53000000000065,-2.00655608709705,0.279115387356889,-2.5536121938475,-1.4594999803466,4.54104709966834,1.76580856900215,8.19095691564288,0.944163448071271,0.440456467025535,1.385302191934
39,"Standard (main study)",2340,220,4.15999999999985,-1.9551005870585,0.29206160672604,-2.52753081750844,-1.38267035660856,3.58105587606001,1.52645846605122,6.22005021386393,0.980090751030682,0.509512376446184,1.39053027017091
39,"Fine + extended boundary",9230,220,21.3600000000006,-1.98978012766434,0.297267760058537,-2.57241423114396,-1.40714602418471,2.85577245407858,1.2386783173028,4.93135937728624,0.985351715506277,0.562099586253123,1.35272991587724
40,"Coarse",621,212,2.09000000000015,-2.29842264277145,0.251484030750833,-2.79132228573005,-1.80552299981286,5.18189401653865,2.00185347001092,9.39426359510109,0.795603812411175,0.322593762633079,1.20848606816262
40,"Standard (main study)",2340,212,4.05999999999949,-2.26303844894058,0.265473427923658,-2.78335680652333,-1.74272009135782,4.10906438224777,1.66198926924609,7.29351330300898,0.817412680403965,0.38282890792312,1.1908154386607
40,"Fine + extended boundary",9230,212,20.5699999999997,-2.26520175240813,0.274005684434468,-2.80224302545893,-1.72816047935732,3.66019584401256,1.39584951920022,6.65980339579222,0.836635607062964,0.413797723344523,1.19670713342387
41,"Coarse",621,381,1.80000000000109,-2.52271870752163,0.276952275675459,-3.06553519328193,-1.97990222176132,5.07567754996704,2.24290329143273,8.71283793973216,1.1024936165794,0.510642588256385,1.63124221435593
41,"Standard (main study)",2340,381,4.34000000000015,-2.28543124430069,0.279344661144505,-2.83293671941746,-1.73792576918391,3.71503873065263,1.87476174316038,5.99085057393521,1.0262796750875,0.577950404006188,1.42565066516387
41,"Fine + extended boundary",9230,381,22.119999999999,-2.2218592254825,0.283385636063119,-2.77728486590219,-1.66643358506281,3.07972807120942,1.58859404833448,4.90682070704803,1.02549522356748,0.620340002716518,1.38523187004217
42,"Coarse",621,229,1.61000000000058,-1.93064036416998,0.262347919042136,-2.44483283691159,-1.41644789142836,4.19702140137164,1.91049247538117,7.08339268968309,0.842983899463039,0.441993434319744,1.18969132030883
42,"Standard (main study)",2340,229,4.22000000000116,-1.80424421613914,0.269673799872471,-2.33279515146325,-1.27569328081504,3.30078689331783,1.58970627909273,5.41085299429654,0.884846808485671,0.509330435385987,1.20723565930581
42,"Fine + extended boundary",9230,229,21.4900000000016,-1.79562275618983,0.275071451090099,-2.3347528935016,-1.25649261887806,2.66788753519898,1.24270721809434,4.43546707502186,0.922519202172185,0.56686152889698,1.22551883426578
43,"Coarse",621,305,1.61999999999898,-2.41722607766498,0.301235658599975,-3.00763711938014,-1.82681503594983,3.80212477654847,1.9016352959386,6.14893137729173,0.973428134332107,0.551459648026393,1.34706383819739
43,"Standard (main study)",2340,305,4.71999999999935,-2.30137990918829,0.315715071115617,-2.9201700779514,-1.68258974042518,2.84538204605149,1.56962793972096,4.37144609876617,1.02148878484961,0.640810384358981,1.35864006907738
43,"Fine + extended boundary",9230,305,21.9500000000007,-2.30781147569845,0.321348212181354,-2.93764239807024,-1.67798055332666,2.30605309784451,1.30261649409946,3.49851288124573,1.04671847144764,0.699089841737922,1.35450737366009
44,"Coarse",621,306,1.84000000000015,-2.36591922739419,0.235175811498588,-2.8268553479664,-1.90498310682198,3.3244657424614,1.43683051090214,5.68227173530522,0.682125535524894,0.321970416778061,0.988192145310987
44,"Standard (main study)",2340,306,4.32000000000153,-2.29304013579428,0.257994174584577,-2.79869942620119,-1.78738084538737,2.59223972738089,1.28924109666232,4.17204526897775,0.796544612959786,0.433228783180268,1.1081851950011
44,"Fine + extended boundary",9230,306,22.0300000000007,-2.28690995294028,0.269407682679379,-2.81493930815026,-1.75888059773031,2.07933036816957,1.06117878415968,3.30433594396063,0.864850890686052,0.512160673775132,1.1667129688217
45,"Coarse",621,337,1.78000000000065,-1.88635271257818,0.262942012371816,-2.40170958684942,-1.37099583830694,4.02727806522537,1.71859250710733,6.98735253648151,1.0163037952296,0.474929227690287,1.49281802232335
45,"Standard (main study)",2340,337,3.90999999999985,-1.70039714132175,0.2768100441637,-2.24293485844155,-1.15785942420196,2.94759989976248,1.51304178680193,4.69694726035802,1.09777526812635,0.628965865878816,1.511742280934
45,"Fine + extended boundary",9230,337,21.0400000000009,-1.68504782332871,0.276423717332166,-2.22682835377243,-1.14326729288498,2.28805873368052,1.25968454423579,3.5156638754425,1.1286191394131,0.720620498040872,1.48926670793677
46,"Coarse",621,452,1.72999999999956,-3.40384420375005,0.308526613874834,-4.00854525521682,-2.79914315228328,5.14984892648217,2.19501216353676,8.94069149287859,1.16558871644266,0.49712514175076,1.75679986893607
46,"Standard (main study)",2340,452,4.30999999999949,-2.81535791078891,0.307805171198015,-3.41864496059221,-2.21207086098562,3.06078808698725,1.56075269005228,4.89522823619563,0.993535480615267,0.580118482751632,1.3588842516687
46,"Fine + extended boundary",9230,452,24.2600000000002,-2.64534740426418,0.307281586422327,-3.24760824676427,-2.04308656176409,2.1859794934147,1.21656526209957,3.34568336731967,0.989361825301757,0.654547982920674,1.28654961174618
47,"Coarse",621,299,2.07999999999993,-2.30442030637613,0.294720749620623,-2.8820623611292,-1.72677825162306,6.01215634138026,2.36728337043545,10.7116837793977,1.2675573635677,0.511864010548746,1.92652388515698
47,"Standard (main study)",2340,299,4.15999999999985,-2.0535202556639,0.303714008723839,-2.6487887743629,-1.45825173696489,4.06149756303567,1.84601385752481,6.83656283565504,1.1796247225341,0.604364615715771,1.68318844459784
47,"Fine + extended boundary",9230,299,20.7600000000002,-1.96158779834881,0.305328616654954,-2.56002089044196,-1.36315470625567,3.28860003370299,1.53794165136562,5.48017510064053,1.16973111033538,0.658304623392249,1.61962907320055
48,"Coarse",621,296,1.53999999999905,-3.69012212690962,0.378235934949535,-4.43145093706955,-2.9487933167497,8.45247134681197,3.30201433985474,15.1147158956226,2.10820430616813,0.654849892779528,3.39334893075485
48,"Standard (main study)",2340,296,4.09000000000015,-3.15613690093325,0.380999229735165,-3.90288166935167,-2.40939213251482,5.63108432739846,2.22307914065324,9.96992373248417,1.67694037205976,0.651704473234416,2.56378952442233
48,"Fine + extended boundary",9230,296,20.9899999999998,-2.92229232888581,0.386624649875911,-3.68006271817801,-2.16452193959362,4.57604056090025,1.49899218861991,8.77801275922636,1.61423664030271,0.616276683672551,2.49649053242343
49,"Coarse",621,155,1.53000000000065,-1.86503328290704,0.311127246488141,-2.47483148063291,-1.25523508518117,3.72789843661046,1.52495027406746,6.57072943250674,1.00826068770962,0.468194256875387,1.47792312102966
49,"Standard (main study)",2340,155,4.01000000000022,-1.8614496904094,0.332424220230951,-2.51298918965088,-1.20991019116793,3.13080728496433,1.36993742694342,5.3732103743972,1.10386094753938,0.572188387108946,1.56667290779319
49,"Fine + extended boundary",9230,155,20.1599999999999,-1.90765856288386,0.338439247505458,-2.5709872989494,-1.24432982681833,2.55442693416751,1.14508696543252,4.34773781411747,1.12089853202709,0.645355483329528,1.53304933994683
50,"Coarse",621,267,1.97999999999956,-2.21041748835051,0.257935501584665,-2.71596178179072,-1.70487319491029,2.4070242937076,1.23169304192545,3.82617560627134,0.772586351469049,0.463678808207018,1.04114937939078
50,"Standard (main study)",2340,267,4.46999999999935,-2.11079798827273,0.27228916537053,-2.64447494577944,-1.57712103076602,1.95360346153159,1.14111126759689,2.89889264106159,0.890469138217267,0.586909025021,1.15637236684278
50,"Fine + extended boundary",9230,267,21.8400000000001,-2.10830379773053,0.275694726273114,-2.64865553195346,-1.56795206350759,1.57728696216187,0.960201922893342,2.28742274665651,0.96122501254197,0.675825029633837,1.21168681538374
51,"Coarse",621,222,1.68999999999869,-2.67285360971304,0.34350008949768,-3.34610141381477,-1.9996058056113,5.71519584626882,2.18933698055677,10.4111996421424,1.326628906506,0.540248644810299,2.03026175053812
51,"Standard (main study)",2340,222,4.29999999999927,-2.40095502550289,0.347645423894262,-3.0823275357258,-1.71958251527998,3.94050881885038,1.68060899989998,6.8596267286819,1.18644573369464,0.615696615473685,1.69227265408585
51,"Fine + extended boundary",9230,222,22.2099999999991,-2.30857662953038,0.346782643991412,-2.98825812221712,-1.62889513684364,2.97952715324254,1.30596700199058,5.1359527860306,1.13150378284648,0.672906701705455,1.53699739397473
52,"Coarse",621,260,1.68000000000029,-3.20684639625328,0.321317768687964,-3.83661765047446,-2.5770751420321,6.1655533278065,2.34063953657575,11.2538013576531,1.19271575503754,0.505439808678383,1.79352080305845
52,"Standard (main study)",2340,260,4.67999999999847,-2.94596333401286,0.338296791051928,-3.60901286056011,-2.28291380746561,3.94432733763677,1.72918277309147,6.76980061464528,1.07445287629114,0.572227271184498,1.51082742069079
52,"Fine + extended boundary",9230,260,22.0799999999999,-2.87841278859555,0.352042777465952,-3.56840395344627,-2.18842162374484,3.0250155566085,1.40759426386166,5.06285925569266,1.0689299841722,0.631457436292692,1.45000531755031
53,"Coarse",621,319,1.77999999999884,-2.26563473561024,0.267118509428722,-2.78917739369456,-1.74209207752592,4.39040373520828,1.91408172096263,7.56926930978719,0.933242012515642,0.486250026471861,1.32859204747558
53,"Standard (main study)",2340,319,4.40999999999985,-2.01711647843836,0.266535557159773,-2.53951657107083,-1.49471638580589,2.72718548602653,1.46498728757376,4.25593323799176,0.903518717359366,0.585072470122784,1.18440853198317
53,"Fine + extended boundary",9230,319,22.0900000000001,-1.95326569804361,0.263666252699538,-2.47004205727335,-1.43648933881388,2.0533771564237,1.18646158754051,3.0793244722967,0.932891516112041,0.652904845677688,1.1786489715666
54,"Coarse",621,213,1.72999999999956,-2.00198590858153,0.326860256501141,-2.64262023930129,-1.36135157786176,3.54364059865092,1.77068225751375,5.72660202495647,1.13928826131745,0.639589344988583,1.58266101604572
54,"Standard (main study)",2340,213,4.29999999999927,-1.95490159196664,0.341920900721449,-2.62505424294218,-1.28474894099111,2.6812823610199,1.48795871089288,4.10820593319962,1.2131577840884,0.768951635929836,1.60819570430299
54,"Fine + extended boundary",9230,213,21.0200000000004,-1.94010546805637,0.338586933705325,-2.60372366375465,-1.27648727235808,2.07040925295607,1.19308110567205,3.10474264218634,1.24399052750987,0.855599213958042,1.58763034742236
55,"Coarse",621,474,1.75,-2.85601786095224,0.275274900900171,-3.3955467525644,-2.31648896934007,4.51261587608136,1.93342936680535,7.89388978416082,1.06494726835894,0.456195902404012,1.61514936824587
55,"Standard (main study)",2340,474,4.15999999999985,-2.42959232719287,0.267548520302827,-2.9539777911034,-1.90520686328235,2.72208030296053,1.52132694848087,4.16816657671947,0.905633156271038,0.570421410246323,1.20540869941033
55,"Fine + extended boundary",9230,474,22.0799999999999,-2.33368071446846,0.266650741215905,-2.85630656370255,-1.81105486523438,2.07301238866724,1.24897010364595,3.03986337056076,0.919098709165579,0.637726130251783,1.17028108600454
56,"Coarse",621,306,1.61000000000058,-3.34533254056182,0.326339322322278,-3.9849458590527,-2.70571922207095,5.89030687339219,1.58522762139448,11.9008779083499,1.43737897035601,0.325621271239282,2.43881694413321
56,"Standard (main study)",2340,306,4.56999999999971,-2.66757415321791,0.297422693110133,-3.25051191989868,-2.08463638653714,2.84164198182494,1.34091790113215,4.74935148746404,0.95685954641775,0.530014371933938,1.33705856414185
56,"Fine + extended boundary",9230,306,21.2699999999986,-2.52312667086659,0.296219695397766,-3.10370660535764,-1.94254673637555,2.15953008506309,1.15591924118168,3.38117667248228,0.952752575072059,0.604433721323784,1.25987814122343
57,"Coarse",621,313,1.30999999999949,-2.25051255079391,0.305323047017472,-2.84893472659818,-1.65209037498963,5.34236197868384,2.25005959636008,9.31827420215856,1.22799287097076,0.558722484161484,1.81912743864292
57,"Standard (main study)",2340,313,4.08000000000175,-2.12553200824708,0.323005325828034,-2.75861081368465,-1.49245320280951,4.14157453077888,1.90220722617674,6.95611257179152,1.23221268472289,0.639107149382554,1.75468005697649
57,"Fine + extended boundary",9230,313,19.7100000000009,-2.15974949821496,0.335196074784019,-2.81672173255083,-1.50277726387909,3.30243841947059,1.56658744920155,5.48240234492704,1.23049631581122,0.700256565698907,1.69981685356547
58,"Coarse",621,281,1.5,-2.30544772778589,0.272618355340315,-2.83976988577745,-1.77112556979433,5.30703215319227,2.35614071068466,9.10514925464439,0.983425795108352,0.48116895893951,1.42670824294813
58,"Standard (main study)",2340,281,4.15999999999985,-2.11462656219387,0.28238782407611,-2.66809652705568,-1.56115659733206,3.55323764971105,1.73824993637091,5.80201955365715,0.949659167936284,0.554964792153971,1.29172984307486
58,"Fine + extended boundary",9230,281,21.5499999999993,-2.06294313784899,0.288517649387015,-2.6284273395517,-1.49745893614629,2.8013350452973,1.37327046226819,4.57264618220892,0.975091852230835,0.614112000294981,1.28584434414481
59,"Coarse",621,287,1.53000000000065,-2.06188143264871,0.226794906146978,-2.50639128057393,-1.61737158472349,3.03550264287795,1.32431386225887,5.19661037616802,0.646608849674501,0.359817781463443,0.889065356082592
59,"Standard (main study)",2340,287,4.35000000000036,-2.0033905590122,0.242260672972725,-2.47821275290918,-1.52856836511522,2.13702196171097,1.13263315851206,3.34128189571705,0.752985510132099,0.479232176254825,0.987079111692593
59,"Fine + extended boundary",9230,287,24.5,-2.01546076535215,0.245745909033148,-2.49711389640518,-1.53380763429912,1.5937986567159,0.92178030457222,2.3776561262692,0.826963938279406,0.571408063972629,1.04617370240471
60,"Coarse",621,296,1.76999999999862,-2.88876901441951,0.275354000886898,-3.42845293915684,-2.34908508968218,4.11469683305665,1.45400490144897,7.72856579367802,0.852178517206473,0.339177710799392,1.3063702190915
60,"Standard (main study)",2340,296,4.5,-2.67992580799437,0.288703862440212,-3.2457749805748,-2.11407663541395,2.80529742471008,1.2490510202974,4.79518075440691,0.84815237249752,0.453974885680339,1.19512129473658
60,"Fine + extended boundary",9230,296,22.25,-2.60848006815729,0.291780008550854,-3.18035837632575,-2.03660175998883,2.12833332249381,1.0378404021703,3.48379080221851,0.852346605740041,0.523386470908698,1.14045984670033
61,"Coarse",621,434,1.51000000000022,-2.11360697418597,0.22516733380193,-2.55492683893266,-1.67228710943928,3.75804941214357,1.88920801920507,6.03410981494777,0.798873041894276,0.436973916372876,1.1146151247302
61,"Standard (main study)",2340,434,4.69999999999891,-1.96047703942953,0.233070941979283,-2.41728769155175,-1.50366638730731,2.78659490819188,1.57745440347405,4.20971184884303,0.843682589162064,0.53032893942789,1.11822512967794
61,"Fine + extended boundary",9230,434,22.0900000000001,-1.93257640685634,0.23657832875151,-2.39626141073198,-1.4688914029807,2.28358877504048,1.32869863678946,3.39843841671223,0.88523810336001,0.590786342366033,1.14383152653042
62,"Coarse",621,271,2.38999999999942,-2.20670962873284,0.286812053952434,-2.76885092481157,-1.64456833265411,3.88495264776393,1.88674362534679,6.35181597047288,0.980335345471276,0.523411360488554,1.38180449714589
62,"Standard (main study)",2340,271,4.22999999999956,-2.13374751309416,0.302339008635867,-2.72632108114201,-1.54117394504632,3.08288276915437,1.61785647126202,4.85328746127206,1.03301852226918,0.614414136250142,1.40129419830958
62,"Fine + extended boundary",9230,271,22.0200000000004,-2.12558804196313,0.306544562157043,-2.72640434344753,-1.52477174047872,2.43494962596513,1.2903191386537,3.81289714902679,1.0541903685892,0.681898619477811,1.38054898378296
63,"Coarse",621,256,1.54000000000087,-1.91078814769408,0.23783688223555,-2.37693987107105,-1.44463642431711,2.8293134568516,1.41188011383093,4.5522929211282,0.717198230164441,0.418478658937851,0.972068418733949
63,"Standard (main study)",2340,256,4.92000000000007,-1.88064149524378,0.252514763404063,-2.3755613370804,-1.38572165340717,2.10331412168344,1.20256393004751,3.15435933649401,0.834961504615183,0.538590488047624,1.09035643863289
63,"Fine + extended boundary",9230,256,22.8099999999995,-1.89757071320358,0.25743887917586,-2.40214164460862,-1.39299978179854,1.67904165341972,1.00225322485519,2.45938020805186,0.915891711433122,0.628683932940382,1.16407167753951
64,"Coarse",621,128,1.38999999999942,-1.71163129344715,0.249857171073873,-2.201342350031,-1.22192023686329,6.71605929931754,1.33759618322863,14.6568487262118,0.750756320075785,0.163856179250196,1.24135031104088
64,"Standard (main study)",2340,128,4.13999999999942,-1.69012594530003,0.261561448426749,-2.20277696396059,-1.17747492663947,5.27281046511554,0.788536595974477,12.1795714731954,0.757479089539379,0.200855498011056,1.20543950565571
64,"Fine + extended boundary",9230,128,20.2299999999996,-1.68345438173745,0.256676655903727,-2.18653138298093,-1.18037738049396,4.88359064808119,0.382302332794943,14.3415410814726,0.712266740329577,0.277092004160078,1.0565528370895
65,"Coarse",621,169,1.84999999999854,-2.08981288809196,0.38826729452285,-2.85080280173155,-1.32882297445236,4.91690956994759,2.10580938515849,8.53117804670763,1.42793174226914,0.703376936841807,2.06953937242702
65,"Standard (main study)",2340,169,4.19999999999891,-1.91532440581202,0.398322200824969,-2.69602157367169,-1.13462723795235,3.61503041018692,1.74335255323792,5.94876086317955,1.42254326099888,0.806615246365519,1.96689370971325
65,"Fine + extended boundary",9230,169,21.4499999999989,-1.88119759269776,0.400260053219335,-2.66569288145775,-1.09670230393778,2.86164079892236,1.42382187036003,4.64229324612318,1.43313167787725,0.882234637454261,1.91796286763943
66,"Coarse",621,313,1.88999999999942,-3.62887950716555,0.394033652978323,-4.40117127569982,-2.85658773863128,6.86400040195045,2.11215825099517,13.247534667947,2.03678686524422,0.431988612787056,3.49624411591578
66,"Standard (main study)",2340,313,4.30999999999949,-2.60960049353439,0.343903523489992,-3.2836390137312,-1.93556197333758,3.95177199067078,1.71454689775646,6.86643839315264,1.22217853225079,0.592525383276267,1.79014525580017
66,"Fine + extended boundary",9230,313,21.7700000000004,-2.42547953805914,0.342622663554615,-3.09700761891337,-1.75395145720491,3.09020187120189,1.47194513725185,5.14082001555918,1.15307366612751,0.658032590273223,1.59710819389518
67,"Coarse",621,315,1.47000000000116,-2.11435529759664,0.224348129746327,-2.55406955189836,-1.67464104329492,5.23694843042523,1.96316904057342,9.68284980256675,0.746446527295509,0.347236192593288,1.09671287735448
67,"Standard (main study)",2340,315,4.47999999999956,-2.03852861743821,0.236852251241031,-2.50275049952786,-1.57430673534856,4.00940700118464,1.62277774348247,7.15987024824041,0.761129638164862,0.403234008307546,1.06879996021024
67,"Fine + extended boundary",9230,315,20.9200000000001,-2.03344028120332,0.24647951167627,-2.51653124701583,-1.55034931539081,3.17501713718128,1.28435659827484,5.66665962440539,0.777216542640029,0.448605406695456,1.05556016072144
68,"Coarse",621,206,1.65999999999985,-1.97913426687204,0.237061562699561,-2.44376639188196,-1.51450214186211,4.17898394134263,1.46130494509066,7.83035678363867,0.683793622689393,0.294838947238216,1.01589478309268
68,"Standard (main study)",2340,206,4.30999999999949,-1.97172126055464,0.248600635503417,-2.45896955267511,-1.48447296843417,3.36016726288719,1.26400237183869,6.13681938518243,0.724357488440736,0.358863119341438,1.03421292246167
68,"Fine + extended boundary",9230,206,20.5,-1.99359552536089,0.254589093118414,-2.49258097872969,-1.49461007199208,2.81820432229556,1.04779483978797,5.18808417295055,0.739585557894054,0.400209683291357,1.02399708508658
69,"Coarse",621,317,1.42000000000007,-3.19872055539294,0.378297976764619,-3.94017096527597,-2.45727014550992,5.62461644875083,2.5242607518409,9.50326884459184,1.58022257114936,0.685708677710719,2.36362485516779
69,"Standard (main study)",2340,317,4.56999999999971,-2.56297476521058,0.374534159860483,-3.2970482295171,-1.82890130090407,3.49255194871424,1.74882778425359,5.63911575664559,1.36428664800083,0.756489857726525,1.90362935198646
69,"Fine + extended boundary",9230,317,22.4099999999999,-2.37520996589476,0.366325260671888,-3.09319428343891,-1.65722564835061,2.50524129496636,1.37773026879121,3.86551725136899,1.3117643102302,0.840558608002308,1.73312052122429
70,"Coarse",621,201,1.69999999999891,-2.30488271628904,0.298201899397523,-2.88934769922962,-1.72041773334846,3.34295982014145,1.46140716662695,5.71341184371938,0.962819055273194,0.510064574257964,1.35739348124692
70,"Standard (main study)",2340,201,4.25,-1.9928458265307,0.287814223667296,-2.55695133915695,-1.42874031390444,2.18491503238807,1.18552429156763,3.37331202373046,0.963038222778185,0.630974339900822,1.25395188755821
70,"Fine + extended boundary",9230,201,21.6200000000008,-1.89036686474292,0.279461769897705,-2.43810186879824,-1.3426318606876,1.70781311957282,0.986826337880318,2.54966494001951,1.00404095607353,0.70440350003899,1.26646366915733
71,"Coarse",621,246,1.71000000000095,-2.24106367280017,0.285395224716108,-2.80042803460346,-1.68169931099689,4.64666361433374,1.85048636310259,8.29634747324264,0.984207457635963,0.444493808179646,1.45788667465317
71,"Standard (main study)",2340,246,3.95000000000073,-2.11313365658475,0.296015785852497,-2.69331393571097,-1.53295337745854,3.76887208752534,1.6064132017392,6.54768115532503,0.998802009773543,0.51201833267702,1.42497337007772
71,"Fine + extended boundary",9230,246,21.4400000000005,-2.12785509598813,0.304360467204659,-2.72439065002705,-1.53131954194921,3.04990313206231,1.28479792386743,5.32844432358535,0.9984207082208,0.564258510443084,1.37572277053883
72,"Coarse",621,163,1.67000000000007,-1.70693547937219,0.240439218487134,-2.17818768807793,-1.23568327066645,3.28286844691409,1.24857877513375,5.94396755517776,0.652875563268576,0.339136757373726,0.915677501532733
72,"Standard (main study)",2340,163,4.45000000000073,-1.67617448905765,0.250373973372254,-2.16689845953346,-1.18545051858184,2.58375604514245,1.15275258668954,4.38464704665603,0.728951999479776,0.413575492501928,0.9923087430047
72,"Fine + extended boundary",9230,163,22.1100000000006,-1.69019952979717,0.254460616148518,-2.18893317293214,-1.19146588666221,2.10632464403235,0.969731505762892,3.52114339291509,0.777074893523567,0.465322068962452,1.0351796029774
73,"Coarse",621,429,1.46999999999935,-2.20689507723991,0.262644233844751,-2.72166831632274,-1.69212183815708,4.71215503758752,2.17642093573559,7.89268537900906,1.03158835757979,0.506781846884117,1.49479722752477
73,"Standard (main study)",2340,429,3.98000000000138,-2.05220981977516,0.274548151046763,-2.59031430784888,-1.51410533170144,3.61190725998602,1.81815508200319,5.82043721650521,1.04057732274834,0.586705899458162,1.44281245776306
73,"Fine + extended boundary",9230,429,19.9400000000005,-2.05517855210857,0.278876409970495,-2.60176627178856,-1.50859083242857,2.87881845621489,1.5025073544861,4.56301133549807,1.03990788059201,0.641334499086266,1.39401947130215
74,"Coarse",621,212,1.70999999999913,-2.18733791036381,0.263462634805644,-2.7037151858549,-1.67096063487272,5.35731491086633,1.89292400174985,10.0228633423909,0.871880186282527,0.345987170264185,1.33299503116219
74,"Standard (main study)",2340,212,4.29999999999927,-2.12375909476418,0.272823307790987,-2.6584829521776,-1.58903523735076,4.57140905710114,1.63562622882664,8.49931864688503,0.886733712733387,0.387310035439987,1.3202174077997
74,"Fine + extended boundary",9230,212,18.7599999999984,-2.11989310118826,0.278854636228642,-2.66643814511842,-1.5733480572581,4.10259332750498,1.29384984936686,8.01152653428091,0.893766225149626,0.404845866448698,1.31706768664468
75,"Coarse",621,234,1.67000000000007,-1.95327566044,0.284716660538471,-2.51131006089392,-1.39524125998608,3.45389427847145,1.42670397018744,6.09075910495999,1.02609184501976,0.517897207437063,1.47537392986683
75,"Standard (main study)",2340,234,4.45000000000073,-1.7404322850831,0.284706120763744,-2.29844602795815,-1.18241854220806,2.4411558080417,1.29690711865224,3.82457033844525,1.06072984890788,0.662649630273599,1.41222297819659
75,"Fine + extended boundary",9230,234,21.75,-1.69130033394134,0.27848738301375,-2.2371255747971,-1.14547509308558,1.8156969513784,1.05223593601171,2.71030599659334,1.10573459695329,0.761706593626711,1.40811295965589
76,"Coarse",621,423,1.69000000000051,-2.50399158256941,0.292357357924639,-3.07700147471699,-1.93098169042183,4.36289675757093,2.00140752385066,7.37113732596297,1.07559253784791,0.537906649570807,1.55780571179224
76,"Standard (main study)",2340,423,4.51000000000022,-2.16212664615901,0.303828074043147,-2.75761872877575,-1.56663456354227,3.54283179200108,1.80334050469157,5.68014886725553,1.1180756651324,0.634106326319046,1.54939641521446
76,"Fine + extended boundary",9230,423,20.7800000000007,-2.10883403597327,0.310540048329895,-2.71748134645719,-1.50018672548934,2.83090902083659,1.47700910949063,4.48507343174617,1.12863607223148,0.69751207215055,1.5130098450104
77,"Coarse",621,192,1.45999999999913,-2.06930175946102,0.285321894224853,-2.62852239614248,-1.51008112277956,4.43944565639623,1.75092420663408,7.95355648144366,0.871798978106408,0.428271067311604,1.25537971149542
77,"Standard (main study)",2340,192,4.02000000000044,-2.02347757304812,0.299278674552919,-2.61005299651272,-1.43690214958351,3.39656895891289,1.4457051529789,5.89685042789556,0.905716091666961,0.500713716803158,1.25388684284621
77,"Fine + extended boundary",9230,192,20.6699999999983,-2.07128505638167,0.307576989888741,-2.67412487903684,-1.46844523372649,2.58941012625066,1.08318173436554,4.53050298133492,0.919686540074495,0.561925455274974,1.22354693267656
78,"Coarse",621,291,1.78000000000065,-2.6397630201307,0.308862093461133,-3.24512159950416,-2.03440444075723,5.37024023240563,2.12539305073449,9.62787171667613,1.16670346131637,0.479348024818314,1.7763294047092
78,"Standard (main study)",2340,291,4.13999999999942,-2.33452938387162,0.315313258932044,-2.95253201522638,-1.71652675251686,3.85533690184354,1.73719147846123,6.54194598658021,1.09357549089519,0.558165050829777,1.56635657823848
78,"Fine + extended boundary",9230,291,22.1599999999999,-2.24926464530185,0.319600133469024,-2.87566939635533,-1.62285989424837,3.07474097865875,1.42855258292189,5.15266623927864,1.07442693421102,0.608833077390464,1.48535985884371
79,"Coarse",621,354,1.57000000000153,-2.85821490095337,0.33929413775217,-3.5232191911132,-2.19321061079355,8.62038559212431,1.14309683217798,23.4289616663016,2.62082749439517,0.371883310836003,5.0677232806277
79,"Standard (main study)",2340,354,4.25,-2.0614968322957,0.298784245462838,-2.64710319255084,-1.47589047204057,2.69790206887204,1.54420668646853,4.0801156151426,1.06522284941595,0.675762386298479,1.41587319569036
79,"Fine + extended boundary",9230,354,20.4700000000012,-1.9084527529585,0.295310618764946,-2.48725092999003,-1.32965457592696,2.14786590207742,1.31245645589719,3.11934562799417,1.10018091110522,0.75306589645563,1.41065436506898
80,"Coarse",621,265,1.64999999999964,-2.02754988897349,0.2528761029452,-2.52317794329693,-1.53192183465006,4.01876117570291,1.85356366205804,6.77848795355239,0.833375218599943,0.441265687662671,1.18046434903957
80,"Standard (main study)",2340,265,4.27000000000044,-1.89397165925282,0.259957158239928,-2.40347832692646,-1.38446499157918,2.91643024095743,1.52883365099345,4.60885849937582,0.867012970818831,0.52829212460392,1.16458015409416
80,"Fine + extended boundary",9230,265,23.3400000000001,-1.85258680210247,0.262011625635591,-2.36612015187902,-1.33905345232592,2.4102280913593,1.2867152167712,3.76759258595933,0.896758796379132,0.580086974265391,1.17297473162551
81,"Coarse",621,293,1.70000000000073,-1.92350937841497,0.24366374504608,-2.40108154304343,-1.4459372137865,3.30976942467864,1.57312840608806,5.45587896130504,0.825577095034773,0.448331401959547,1.15537459309181
81,"Standard (main study)",2340,293,4.22999999999956,-1.867831221112,0.256515270256692,-2.37059191229968,-1.36507052992433,2.59218791762909,1.35790701304284,4.08053775507431,0.902486956768607,0.549226518874475,1.21180587290588
81,"Fine + extended boundary",9230,293,22.0400000000009,-1.87406499850626,0.255799862695842,-2.3754235166404,-1.37270648037212,1.96512148133722,1.08227143766724,3.01552069811915,0.936106110314664,0.627661577494525,1.20573604609342
82,"Coarse",621,343,1.52000000000044,-1.59076486231293,0.252673288747572,-2.08599540811346,-1.0955343165124,3.37541488724747,1.74651454394128,5.35627814437351,0.929730918710935,0.581194302853245,1.23961921359334
82,"Standard (main study)",2340,343,4.42000000000007,-1.54184542495017,0.253308285512731,-2.03832054154071,-1.04537030835963,2.54413310410072,1.49733069248753,3.77483762264389,0.966431032291329,0.657323383659152,1.24293728062082
82,"Fine + extended boundary",9230,343,22.3099999999995,-1.57602574386221,0.249166374514293,-2.06438286406864,-1.08766862365577,2.01056465061678,1.23042883361877,2.91381077468094,0.993074926063791,0.714144403292513,1.24208029064515
83,"Coarse",621,271,1.63999999999942,-2.13046696498137,0.222039248459411,-2.56565589511616,-1.69527803484659,4.30457208762915,1.34431083808286,8.41863402731899,0.663551284696377,0.242994110511948,1.02275444100227
83,"Standard (main study)",2340,271,4.38999999999942,-2.11067729342717,0.243081638977779,-2.58710855112659,-1.63424603572776,3.24285178709221,1.21047050704357,5.94491218353075,0.746178967995572,0.334693638630513,1.09565302255379
83,"Fine + extended boundary",9230,271,21.5799999999999,-2.14247116653819,0.254470603107932,-2.64122438375392,-1.64371794932246,2.52026468016866,1.01114795386322,4.4922930998114,0.783325670049544,0.405372797910222,1.10153928927621
84,"Coarse",621,185,1.61000000000058,-3.61367699658265,0.372619650753398,-4.3439980919912,-2.8833559011741,11.403913593291,3.68909477566964,21.9091548067594,2.20695843553186,0.615759855348188,3.62331328279548
84,"Standard (main study)",2340,185,4.57999999999993,-3.20748225330686,0.3847204575725,-3.96152049426473,-2.453444012349,7.08194445571322,1.97263044693743,13.9580216013789,1.71227609648656,0.542403768409687,2.70164858450919
84,"Fine + extended boundary",9230,185,22.6700000000001,-2.87757098895133,0.387560360643369,-3.63717533764769,-2.11796664025497,5.84062540349798,0.932096918846288,14.1499046414624,1.62697687814727,0.477713121345201,2.68242797730441
85,"Coarse",621,338,1.56999999999971,-2.23832642338027,0.303290334228646,-2.83276455532753,-1.64388829143301,3.57046127263067,1.87112999194275,5.63797524345151,1.05567994396485,0.613179029315436,1.45005141382758
85,"Standard (main study)",2340,338,4.13999999999942,-2.1499864731178,0.318023922690682,-2.77330190781369,-1.52667103842191,2.74065194005956,1.59300128397622,4.09499028089031,1.11954170552587,0.721490260236984,1.47541262422428
85,"Fine + extended boundary",9230,338,21.4699999999993,-2.15355329875956,0.320319471543423,-2.78136792653157,-1.52573867098755,2.21371788155115,1.33017183685478,3.24500014183269,1.14783396462489,0.788203972246554,1.46970875769335
86,"Coarse",621,250,1.61999999999898,-2.40835127257937,0.273263910208717,-2.94393869486304,-1.8727638502957,4.57149742624092,1.4793631147893,8.67113253144354,0.966677195040337,0.326007655767308,1.51501247533563
86,"Standard (main study)",2340,250,4.19000000000051,-2.28501669424621,0.281901214156128,-2.83753292119034,-1.73250046730209,3.25659691517545,1.32771203451154,5.71685791696404,0.945361577431738,0.442479277338206,1.37764364826777
86,"Fine + extended boundary",9230,250,21.3400000000001,-2.24704575571177,0.284954885784364,-2.80554706906784,-1.68854444235569,2.49776763438975,1.07677301381395,4.29082562214623,0.946233807521947,0.515412363706467,1.3154796659687
87,"Coarse",621,247,1.72000000000116,-2.03538180118355,0.25006412952541,-2.52549848887871,-1.54526511348839,3.22939998861536,1.29045692669426,5.75695410916877,0.805053016056942,0.390239429593721,1.16877919759861
87,"Standard (main study)",2340,247,4.3799999999992,-1.88117996974841,0.253802475657677,-2.37862368122456,-1.38373625827226,2.45922923873221,1.2010013036228,4.02114090161681,0.846112275720862,0.498878242524488,1.15075849697762
87,"Fine + extended boundary",9230,247,22.7299999999996,-1.84109148714534,0.25178526491812,-2.33458153822273,-1.34760143606795,1.92050362857723,1.02079601863967,3.00373621135173,0.870832288042279,0.566538505109118,1.13487655455393
88,"Coarse",621,534,1.81999999999971,-2.92365249698899,0.364110731530456,-3.63729641717322,-2.21000857680477,5.591487697097,2.68804014484235,9.21773483920942,1.65063999855555,0.77798053295708,2.43087173380181
88,"Standard (main study)",2340,534,4.72000000000116,-2.38819206094299,0.361151357534647,-3.09603571467864,-1.68034840720733,4.3356227010805,2.2831202265141,6.83981709241425,1.49814418971579,0.831891351787531,2.09583558090626
88,"Fine + extended boundary",9230,534,22.9599999999991,-2.36437676938428,0.372394905031935,-3.09425737127308,-1.63449616749547,3.39182581451675,1.85947198439742,5.238057048048,1.4534556482699,0.883397341229861,1.96519603240196
89,"Coarse",621,261,1.42000000000007,-2.21607646239117,0.262301066863519,-2.7301771065501,-1.70197581823224,2.28049616275997,1.20114094161888,3.57135500980219,0.797019183965345,0.509147197503008,1.04990215847412
89,"Standard (main study)",2340,261,4.04999999999927,-2.13471346725418,0.273971947668986,-2.67168861745969,-1.59773831704868,1.98851261913006,1.16452914002818,2.94953862335547,0.896180129183622,0.60375788372953,1.15520586987574
89,"Fine + extended boundary",9230,261,22.3600000000006,-2.13050342765382,0.2740399808026,-2.66761192035096,-1.59339493495667,1.64263052980593,0.989151666742956,2.39598554777675,0.941317123170554,0.666863914374866,1.18403308784967
90,"Coarse",621,237,1.84000000000015,-1.98091631095883,0.222080775334342,-2.41618663227287,-1.54564598964479,3.99150911964292,1.50471893857138,7.23549110251634,0.662528257142685,0.27736267546985,0.983439049331685
90,"Standard (main study)",2340,237,4.54000000000087,-1.94049955002223,0.234691595407247,-2.40048662449468,-1.48051247554978,3.02246650806514,1.30528970990245,5.18496269956423,0.718909405671432,0.364721444123152,1.0145584788458
90,"Fine + extended boundary",9230,237,21,-1.94662275391268,0.240914581967988,-2.41880665792046,-1.4744388499049,2.48991755545105,1.09526941535168,4.24115716327159,0.753382728324633,0.422109520990097,1.02978421738502
91,"Coarse",621,507,1.80999999999949,-2.40667458145696,0.307979137942328,-3.01030259981362,-1.8030465631003,3.32229121786935,1.82935716801421,5.11175802123876,1.13422403127322,0.684491013459946,1.53745914930932
91,"Standard (main study)",2340,507,4.32999999999993,-2.17777277193312,0.30966275361493,-2.78470061637189,-1.57084492749436,2.82539865199322,1.69449941316444,4.14532716515125,1.16101721123591,0.75733356388097,1.52383947461233
91,"Fine + extended boundary",9230,507,25.0499999999993,-2.14000767997746,0.303811384168433,-2.73546705104085,-1.54454830891407,2.27023150508139,1.41519183543936,3.25889647796959,1.15462579195534,0.807276230728876,1.46887810088953
92,"Coarse",621,296,1.52000000000044,-2.29546941568308,0.318368648547342,-2.91946050064256,-1.6714783307236,4.43004825626389,1.93152562449456,7.56097780691531,1.22074760226444,0.559796165242021,1.79614117294805
92,"Standard (main study)",2340,296,4.78000000000065,-2.06436512969174,0.328232731538581,-2.70768946205456,-1.42104079732892,3.60368565837557,1.71317314183241,5.93369865261009,1.24935573490343,0.655203612747376,1.77004596890302
92,"Fine + extended boundary",9230,296,21.5400000000009,-2.03313478956367,0.329917351094947,-2.67976091558462,-1.38650866354272,2.9674997331246,1.34852700527849,4.99243716022237,1.25120464262056,0.693611374494553,1.7408202987127
93,"Coarse",621,311,1.77000000000044,-1.71891866527543,0.220129299811795,-2.15036416484857,-1.2874731657023,3.47187886500789,1.40136537891714,6.15315731679554,0.716818038955848,0.383776339265325,1.00391659375125
93,"Standard (main study)",2340,311,4.75,-1.72074687331862,0.232359769495834,-2.17616365298649,-1.26533009365076,2.46892926071024,1.21970020384402,4.01515976691649,0.79258146423052,0.491088392215777,1.05422912898575
93,"Fine + extended boundary",9230,311,21.9499999999989,-1.79921791000779,0.232420317425831,-2.25475336143779,-1.3436824585778,1.70330108930657,0.953470008923561,2.59103483296329,0.843825878129568,0.580407866289046,1.07050839150952
94,"Coarse",621,245,1.78000000000065,-1.93733167087961,0.226112629296224,-2.38050428074986,-1.49415906100935,3.33411585014755,1.31016845520142,5.98151048329228,0.645806735856851,0.324882105603286,0.913699794945664
94,"Standard (main study)",2340,245,4.82999999999993,-1.96091005471807,0.243503612840496,-2.43816836599082,-1.48365174344531,2.42196043236337,1.1892157067555,3.93090686090805,0.738018600933693,0.424424356500617,1.00331233957709
94,"Fine + extended boundary",9230,245,23.3299999999999,-1.99960634232219,0.250633824461321,-2.49083961157391,-1.50837307307047,1.967320977811,1.0109923822037,3.11911271325674,0.790434436984479,0.49028423323367,1.04483095942849
95,"Coarse",621,240,1.70999999999913,-2.81641466085495,0.319998149121566,-3.4435995082527,-2.18922981345721,4.10566555577082,1.6086332702497,7.35007794515169,0.999439482803336,0.442404003409881,1.4837391462932
95,"Standard (main study)",2340,240,4.95999999999913,-2.63056384627052,0.334123364665763,-3.28543360740876,-1.97569408513228,3.27864097532246,1.42489369316802,5.6356909437856,1.03204884582089,0.5219034721864,1.47752617320114
95,"Fine + extended boundary",9230,240,21.9799999999996,-2.60928341992226,0.343502556066575,-3.2825360584102,-1.93603078143433,2.59303617275464,1.15407951353876,4.40993253756517,1.03447697369243,0.584133863725927,1.42690768819011
96,"Coarse",621,447,1.43000000000029,-2.62415102776037,0.249034539014799,-3.11224975513591,-2.13605230038483,3.9199583967708,1.74705268079116,6.70727561562468,0.795793921835128,0.408335037963372,1.14057422331863
96,"Standard (main study)",2340,447,4.10000000000036,-2.40725093846888,0.265569325678169,-2.92775725219668,-1.88674462474108,3.1926950415162,1.59252805145761,5.17619372335272,0.872611761730321,0.486916050633664,1.21521841528608
96,"Fine + extended boundary",9230,447,20.9499999999989,-2.35731328179037,0.274628198759178,-2.89557466049747,-1.81905190308327,2.74826196777409,1.40193561861356,4.40872798907976,0.909053027812258,0.533583156653731,1.24264533560875
97,"Coarse",621,219,1.73999999999978,-1.9599653030766,0.257732579610449,-2.46511187675568,-1.45481872939752,3.83396392996508,1.58222847866619,6.6922308468019,0.836283805245075,0.414193093681822,1.19713587037458
97,"Standard (main study)",2340,219,4.57000000000153,-1.87297154390013,0.267267394951916,-2.39680601224772,-1.34913707555253,2.65826190452947,1.27479752996171,4.3623941589753,0.894859905187753,0.52323549237952,1.21437005873331
97,"Fine + extended boundary",9230,219,22.2199999999993,-1.84331280658061,0.26507325440496,-2.36284683847915,-1.32377877468206,1.95531188370943,1.00869210111585,3.10214070784285,0.939967481305744,0.608324437162082,1.22437731606608
98,"Coarse",621,160,1.82999999999993,-2.07159815584979,0.265213581197892,-2.59140722320855,-1.55178908849104,3.86600974008931,1.38936501863905,7.15454108412022,0.743994337188705,0.339135067803023,1.08334963376218
98,"Standard (main study)",2340,160,4.55999999999949,-1.99234090272752,0.275863152528868,-2.53302274634579,-1.45165905910926,2.60830753490872,1.15535861572837,4.44324856067882,0.801752068162972,0.450370649571291,1.09700810904038
98,"Fine + extended boundary",9230,160,22.7700000000004,-1.94979166261391,0.276494526823793,-2.49171097711099,-1.40787234811683,2.0635541569021,0.972213647777486,3.41830431682572,0.839207953180493,0.516087971865054,1.11014672126019
99,"Coarse",621,315,1.79999999999927,-2.22020687648397,0.213155887849283,-2.63798473976122,-1.80242901320672,3.0347022174792,1.34861341592678,5.13400580483972,0.615993002033367,0.32022592065223,0.86952839230815
99,"Standard (main study)",2340,315,4.38999999999942,-2.12864887491654,0.219528740076146,-2.55891729903724,-1.69838045079584,2.33645098514129,1.18244250769133,3.72449192714884,0.659225717155664,0.396097408068157,0.88508107649673
99,"Fine + extended boundary",9230,315,20.5500000000011,-2.09246872460509,0.221230584417731,-2.52607270234259,-1.65886474686759,1.88613823053473,0.980414564146664,2.969973466136,0.693948962335187,0.448757639937053,0.903598768028413
100,"Coarse",621,247,1.79999999999927,-1.75089159842658,0.227879991844312,-2.19752817523871,-1.30425502161444,4.90239035645276,1.79406674166443,9.07905375990883,0.792677179962109,0.356289554003341,1.16852755204672
100,"Standard (main study)",2340,247,4.57999999999993,-1.72298335836119,0.238286799075093,-2.1900169025397,-1.25594981418267,3.28503886110445,1.39331365909451,5.71392038187725,0.806543008850212,0.446708456501923,1.11176838202788
100,"Fine + extended boundary",9230,247,21.4799999999996,-1.69828014428844,0.237856251106118,-2.16446982995415,-1.23209045862273,2.45220086291548,1.10202339457401,4.16398601929212,0.828887366721309,0.513429640439974,1.09528530923757
